"fecha";"station_id";"station_name";"provincia";"altitude";"tmed";"tmin";"tmax";"prec";"sol"
2023-01-01;"1387";"A CORUÑA";"A CORUÑA";57;12,2;10,3;14;19,8;0
2023-01-02;"1387";"A CORUÑA";"A CORUÑA";57;11,8;9,2;14,4;0,4;6,5
2023-01-03;"1387";"A CORUÑA";"A CORUÑA";57;11,8;7,9;15,6;0,1;5,5
2023-01-04;"1387";"A CORUÑA";"A CORUÑA";57;14,7;12,5;16,9;0;2,1
2023-01-05;"1387";"A CORUÑA";"A CORUÑA";57;12,4;9,7;15,1;0;5
2023-01-06;"1387";"A CORUÑA";"A CORUÑA";57;13,7;11,9;15,5;7,2;6
2023-01-07;"1387";"A CORUÑA";"A CORUÑA";57;12,8;11,1;14,6;20,2;0,1
2023-01-08;"1387";"A CORUÑA";"A CORUÑA";57;13,2;11,5;14,8;3,2;1,4
2023-01-09;"1387";"A CORUÑA";"A CORUÑA";57;12,5;10,3;14,7;0,1;5,2
2023-01-10;"1387";"A CORUÑA";"A CORUÑA";57;14,2;11,7;16,7;7;3,1
2023-01-11;"1387";"A CORUÑA";"A CORUÑA";57;13;11,2;14,8;0;5,1
2023-01-12;"1387";"A CORUÑA";"A CORUÑA";57;12,7;10,7;14,7;8,6;1
2023-01-13;"1387";"A CORUÑA";"A CORUÑA";57;14,1;12;16,2;1,2;1,4
2023-01-14;"1387";"A CORUÑA";"A CORUÑA";57;13,1;8,9;17,3;16,2;2,6
2023-01-15;"1387";"A CORUÑA";"A CORUÑA";57;10,7;8,6;12,8;10,4;5
2023-01-16;"1387";"A CORUÑA";"A CORUÑA";57;13,2;12,4;13,9;21;0
2023-01-17;"1387";"A CORUÑA";"A CORUÑA";57;10;6,9;13;8,6;1
2023-01-18;"1387";"A CORUÑA";"A CORUÑA";57;9;7,4;10,7;2;3,5
2023-01-19;"1387";"A CORUÑA";"A CORUÑA";57;10,8;8,1;13,4;22;0
2023-01-20;"1387";"A CORUÑA";"A CORUÑA";57;13,1;11,9;14,3;2,6;1
2023-01-21;"1387";"A CORUÑA";"A CORUÑA";57;11,2;8,1;14,2;0,4;5,7
2023-01-22;"1387";"A CORUÑA";"A CORUÑA";57;8,3;5,4;11,2;0;5,1
2023-01-23;"1387";"A CORUÑA";"A CORUÑA";57;7,8;4,3;11,4;0;9,1
2023-01-24;"1387";"A CORUÑA";"A CORUÑA";57;9,3;7,7;10,9;0,1;0,6
2023-01-25;"1387";"A CORUÑA";"A CORUÑA";57;10,4;8,8;12,1;0;7,4
2023-01-26;"1387";"A CORUÑA";"A CORUÑA";57;10,7;9,5;11,9;5,8;1,3
2023-01-27;"1387";"A CORUÑA";"A CORUÑA";57;10,2;8,5;12;0,4;5,5
2023-01-28;"1387";"A CORUÑA";"A CORUÑA";57;8,8;6,4;11,1;0,1;7,7
2023-01-29;"1387";"A CORUÑA";"A CORUÑA";57;9,5;7,7;11,3;0;5,9
2023-01-30;"1387";"A CORUÑA";"A CORUÑA";57;7,4;2,9;12;0;9,3
2023-01-31;"1387";"A CORUÑA";"A CORUÑA";57;8,4;3,9;12,9;0;9,3
2023-02-01;"1387";"A CORUÑA";"A CORUÑA";57;10,4;6,9;14;0;9,5
2023-02-02;"1387";"A CORUÑA";"A CORUÑA";57;10;5;15,1;0;9,5
2023-02-03;"1387";"A CORUÑA";"A CORUÑA";57;11;5,5;16,4;0;9,5
2023-02-04;"1387";"A CORUÑA";"A CORUÑA";57;8,9;4,6;13,2;0;8,5
2023-02-05;"1387";"A CORUÑA";"A CORUÑA";57;10,8;6,6;15,1;0;9,5
2023-02-06;"1387";"A CORUÑA";"A CORUÑA";57;10;6,5;13,6;0;9,6
2023-02-07;"1387";"A CORUÑA";"A CORUÑA";57;9,7;5,5;13,9;0,2;7,2
2023-02-08;"1387";"A CORUÑA";"A CORUÑA";57;10;5,6;14,5;0;9,7
2023-02-09;"1387";"A CORUÑA";"A CORUÑA";57;10,4;6,5;14,3;0;9,6
2023-02-10;"1387";"A CORUÑA";"A CORUÑA";57;10;6,2;13,9;0;9,7
2023-02-11;"1387";"A CORUÑA";"A CORUÑA";57;10,4;4,9;15,9;0;9,4
2023-02-12;"1387";"A CORUÑA";"A CORUÑA";57;12,6;7,5;17,8;0;9,6
2023-02-13;"1387";"A CORUÑA";"A CORUÑA";57;14,4;10,1;18,8;0;1,3
2023-02-14;"1387";"A CORUÑA";"A CORUÑA";57;16,2;11,4;21;0;6,7
2023-02-15;"1387";"A CORUÑA";"A CORUÑA";57;15,2;10,5;19,9;0;9
2023-02-16;"1387";"A CORUÑA";"A CORUÑA";57;12,8;9,7;15,8;0;8,3
2023-02-17;"1387";"A CORUÑA";"A CORUÑA";57;11,7;6,7;16,7;0;9,6
2023-02-18;"1387";"A CORUÑA";"A CORUÑA";57;14,2;8,8;19,5;0;10
2023-02-19;"1387";"A CORUÑA";"A CORUÑA";57;12,7;7,8;17,6;0;9,5
2023-02-20;"1387";"A CORUÑA";"A CORUÑA";57;14,4;9,4;19,5;1,4;4
2023-02-21;"1387";"A CORUÑA";"A CORUÑA";57;13,5;12;15;3;0
2023-02-22;"1387";"A CORUÑA";"A CORUÑA";57;10,6;8,5;12,8;10,6;0
2023-02-23;"1387";"A CORUÑA";"A CORUÑA";57;7,6;5;10,3;6,4;4,8
2023-02-24;"1387";"A CORUÑA";"A CORUÑA";57;6;2,5;9,4;11,2;0,5
2023-02-25;"1387";"A CORUÑA";"A CORUÑA";57;8,9;6,7;11,1;0,4;0,8
2023-02-26;"1387";"A CORUÑA";"A CORUÑA";57;9,6;6,1;13,2;0;5,8
2023-02-27;"1387";"A CORUÑA";"A CORUÑA";57;8,6;6,5;10,7;0;10,2
2023-02-28;"1387";"A CORUÑA";"A CORUÑA";57;8,4;6,5;10,4;0;2,3
2023-03-01;"1387";"A CORUÑA";"A CORUÑA";57;8;5,6;10,3;1,4;7,7
2023-03-02;"1387";"A CORUÑA";"A CORUÑA";57;7,7;3,4;12;0;10,7
2023-03-03;"1387";"A CORUÑA";"A CORUÑA";57;8,9;4,6;13,2;0;10,7
2023-03-04;"1387";"A CORUÑA";"A CORUÑA";57;10,2;5,4;15;0;10,7
2023-03-05;"1387";"A CORUÑA";"A CORUÑA";57;10,7;6;15,4;0;9,7
2023-03-06;"1387";"A CORUÑA";"A CORUÑA";57;11,2;8,2;14,3;0,6;4,9
2023-03-07;"1387";"A CORUÑA";"A CORUÑA";57;14,2;11,4;17,1;2,8;1
2023-03-08;"1387";"A CORUÑA";"A CORUÑA";57;17;15,1;19;1,4;3
2023-03-09;"1387";"A CORUÑA";"A CORUÑA";57;15,8;13,6;18;4,4;4
2023-03-10;"1387";"A CORUÑA";"A CORUÑA";57;16,4;13,3;19,5;0,1;7,8
2023-03-11;"1387";"A CORUÑA";"A CORUÑA";57;16,4;15,9;17;8,6;0
2023-03-12;"1387";"A CORUÑA";"A CORUÑA";57;17,4;15;19,7;0,2;4
2023-03-13;"1387";"A CORUÑA";"A CORUÑA";57;14,4;12,1;16,6;1,4;5,8
2023-03-14;"1387";"A CORUÑA";"A CORUÑA";57;14;11;16,9;0;5,9
2023-03-15;"1387";"A CORUÑA";"A CORUÑA";57;14,2;11,5;16,9;0;8,2
2023-03-16;"1387";"A CORUÑA";"A CORUÑA";57;13,2;11,3;15,2;2,4;0
2023-03-17;"1387";"A CORUÑA";"A CORUÑA";57;14,3;12;16,6;6,2;4,8
2023-03-18;"1387";"A CORUÑA";"A CORUÑA";57;13,4;11,5;15,2;4,2;3,5
2023-03-19;"1387";"A CORUÑA";"A CORUÑA";57;13,4;10,7;16;0;10
2023-03-20;"1387";"A CORUÑA";"A CORUÑA";57;13,6;9,4;17,7;0;9,8
2023-03-21;"1387";"A CORUÑA";"A CORUÑA";57;14,4;12;16,9;0;10,3
2023-03-22;"1387";"A CORUÑA";"A CORUÑA";57;14,8;12,6;16,9;0,4;0,2
2023-03-23;"1387";"A CORUÑA";"A CORUÑA";57;15,6;12,6;18,6;11,4;0,5
2023-03-24;"1387";"A CORUÑA";"A CORUÑA";57;14,3;11,3;17,3;0,1;8,1
2023-03-25;"1387";"A CORUÑA";"A CORUÑA";57;13,7;10,3;17,1;3,6;5,1
2023-03-26;"1387";"A CORUÑA";"A CORUÑA";57;13,4;10,6;16,3;0,1;9,6
2023-03-27;"1387";"A CORUÑA";"A CORUÑA";57;12,7;7,7;17,7;0;10,4
2023-03-28;"1387";"A CORUÑA";"A CORUÑA";57;18,2;13,4;23;0;8,7
2023-03-29;"1387";"A CORUÑA";"A CORUÑA";57;19;15,3;22,7;0;10
2023-03-30;"1387";"A CORUÑA";"A CORUÑA";57;16,7;14,1;19,3;1;5,8
2023-03-31;"1387";"A CORUÑA";"A CORUÑA";57;15,2;12,9;17,6;1,6;8,8
2023-04-01;"1387";"A CORUÑA";"A CORUÑA";57;13,8;11,3;16,2;0,2;8,2
2023-04-02;"1387";"A CORUÑA";"A CORUÑA";57;11,7;8,3;15,1;0;12,1
2023-04-03;"1387";"A CORUÑA";"A CORUÑA";57;12,1;7,9;16,3;0,1;2,5
2023-04-04;"1387";"A CORUÑA";"A CORUÑA";57;14,4;10;18,8;0;11,5
2023-04-05;"1387";"A CORUÑA";"A CORUÑA";57;12,6;7,4;17,7;0;11,1
2023-04-06;"1387";"A CORUÑA";"A CORUÑA";57;12;8,8;15,1;0;12,5
2023-04-07;"1387";"A CORUÑA";"A CORUÑA";57;15,8;9;22,6;0;12,3
2023-04-08;"1387";"A CORUÑA";"A CORUÑA";57;15,8;9,9;21,7;0;11,9
2023-04-09;"1387";"A CORUÑA";"A CORUÑA";57;14,2;11,5;17;0;6,7
2023-04-10;"1387";"A CORUÑA";"A CORUÑA";57;16,4;12,8;20,1;0,8;2,5
2023-04-11;"1387";"A CORUÑA";"A CORUÑA";57;15,2;11,1;19,4;9,8;9,7
2023-04-12;"1387";"A CORUÑA";"A CORUÑA";57;12,4;9,8;15,1;1,4;9,2
2023-04-13;"1387";"A CORUÑA";"A CORUÑA";57;12,8;9,4;16,1;12,2;4,1
2023-04-14;"1387";"A CORUÑA";"A CORUÑA";57;14,6;11,8;17,4;0,2;7,9
2023-04-15;"1387";"A CORUÑA";"A CORUÑA";57;15,2;12,6;17,8;0;3,8
2023-04-16;"1387";"A CORUÑA";"A CORUÑA";57;15,4;11,4;19,3;0;12
2023-04-17;"1387";"A CORUÑA";"A CORUÑA";57;18,2;12,2;24,3;0;13,1
2023-04-18;"1387";"A CORUÑA";"A CORUÑA";57;16,6;11,3;21,9;0;12,7
2023-04-19;"1387";"A CORUÑA";"A CORUÑA";57;15,4;10,4;20,5;0;12,1
2023-04-20;"1387";"A CORUÑA";"A CORUÑA";57;14,8;12,4;17,3;0;6,7
2023-04-21;"1387";"A CORUÑA";"A CORUÑA";57;14,3;11,4;17,2;1,2;4,5
2023-04-22;"1387";"A CORUÑA";"A CORUÑA";57;16;11,8;20,2;5,4;7,1
2023-04-23;"1387";"A CORUÑA";"A CORUÑA";57;16,2;14,4;18,1;2,2;0,8
2023-04-24;"1387";"A CORUÑA";"A CORUÑA";57;17,8;14,9;20,7;0;0,9
2023-04-25;"1387";"A CORUÑA";"A CORUÑA";57;17,8;15,8;19,8;0,1;NA
2023-04-26;"1387";"A CORUÑA";"A CORUÑA";57;18,8;16,2;21,4;0;2,6
2023-04-27;"1387";"A CORUÑA";"A CORUÑA";57;17,2;14,9;19,6;0;10
2023-04-28;"1387";"A CORUÑA";"A CORUÑA";57;16,6;13,9;19,4;0;3,4
2023-04-29;"1387";"A CORUÑA";"A CORUÑA";57;17;13,5;20,5;0;7,8
2023-04-30;"1387";"A CORUÑA";"A CORUÑA";57;16,3;14,3;18,3;0;9,9
2023-05-01;"1387";"A CORUÑA";"A CORUÑA";57;16,4;11,8;20,9;0;11,8
2023-05-02;"1387";"A CORUÑA";"A CORUÑA";57;19,4;14,4;24,4;0;12,4
2023-05-03;"1387";"A CORUÑA";"A CORUÑA";57;20,9;15,7;26,1;0,8;2,8
2023-05-04;"1387";"A CORUÑA";"A CORUÑA";57;17,4;14,7;20,2;0,8;5,5
2023-05-05;"1387";"A CORUÑA";"A CORUÑA";57;18,6;14,7;22,6;2;9,8
2023-05-06;"1387";"A CORUÑA";"A CORUÑA";57;17,7;15,2;20,2;3,8;5,4
2023-05-07;"1387";"A CORUÑA";"A CORUÑA";57;16,8;14,5;19,1;0;11,7
2023-05-08;"1387";"A CORUÑA";"A CORUÑA";57;18,8;15,2;22,3;1,4;3,2
2023-05-09;"1387";"A CORUÑA";"A CORUÑA";57;16,6;14;19,2;0,2;NA
2023-05-10;"1387";"A CORUÑA";"A CORUÑA";57;15,6;13,3;17,8;0;10
2023-05-11;"1387";"A CORUÑA";"A CORUÑA";57;15,7;13,7;17,7;0,2;7,5
2023-05-12;"1387";"A CORUÑA";"A CORUÑA";57;14,6;12,8;16,4;1,8;7
2023-05-13;"1387";"A CORUÑA";"A CORUÑA";57;14,9;12,4;17,4;0;7
2023-05-14;"1387";"A CORUÑA";"A CORUÑA";57;16;14;18;0;7,3
2023-05-15;"1387";"A CORUÑA";"A CORUÑA";57;15;13,1;16,8;0;8,9
2023-05-16;"1387";"A CORUÑA";"A CORUÑA";57;16,1;13;19,2;0;10,6
2023-05-17;"1387";"A CORUÑA";"A CORUÑA";57;17,2;12,7;21,7;0;13,7
2023-05-18;"1387";"A CORUÑA";"A CORUÑA";57;16,4;12,7;20,2;0;12,7
2023-05-19;"1387";"A CORUÑA";"A CORUÑA";57;15;13,2;16,8;0;11,7
2023-05-20;"1387";"A CORUÑA";"A CORUÑA";57;15,3;13,2;17,4;0;12,9
2023-05-21;"1387";"A CORUÑA";"A CORUÑA";57;15,8;12,7;19;0;8,5
2023-05-22;"1387";"A CORUÑA";"A CORUÑA";57;16,2;13,8;18,7;0;8
2023-05-23;"1387";"A CORUÑA";"A CORUÑA";57;18,2;14,9;21,4;0;12,1
2023-05-24;"1387";"A CORUÑA";"A CORUÑA";57;18,6;15;22,1;0;11,9
2023-05-25;"1387";"A CORUÑA";"A CORUÑA";57;19;14,5;23,4;0;13,5
2023-05-26;"1387";"A CORUÑA";"A CORUÑA";57;18,7;14,3;23,1;0,4;NA
2023-05-27;"1387";"A CORUÑA";"A CORUÑA";57;21;16;26;0;9,2
2023-05-28;"1387";"A CORUÑA";"A CORUÑA";57;18,2;15,5;21;0;7,4
2023-05-29;"1387";"A CORUÑA";"A CORUÑA";57;17,3;15;19,6;0;9,2
2023-05-30;"1387";"A CORUÑA";"A CORUÑA";57;18,2;15,5;20,8;0,4;6
2023-05-31;"1387";"A CORUÑA";"A CORUÑA";57;18,2;15,7;20,8;0;3,1
2023-06-01;"1387";"A CORUÑA";"A CORUÑA";57;17,7;15,3;20,1;0;13,9
2023-06-02;"1387";"A CORUÑA";"A CORUÑA";57;18,8;14,3;23,3;0;9,5
2023-06-03;"1387";"A CORUÑA";"A CORUÑA";57;19,8;15,8;23,8;0;7,6
2023-06-04;"1387";"A CORUÑA";"A CORUÑA";57;19,9;15,9;23,9;0,1;8,1
2023-06-05;"1387";"A CORUÑA";"A CORUÑA";57;18,6;15,9;21,3;0;12,3
2023-06-06;"1387";"A CORUÑA";"A CORUÑA";57;21,6;15,9;27,2;1,8;10,1
2023-06-07;"1387";"A CORUÑA";"A CORUÑA";57;20,4;18,2;22,7;15,2;0,1
2023-06-08;"1387";"A CORUÑA";"A CORUÑA";57;21,2;17,9;24,4;9,6;4,1
2023-06-09;"1387";"A CORUÑA";"A CORUÑA";57;21,2;18,4;24;0,4;4,9
2023-06-10;"1387";"A CORUÑA";"A CORUÑA";57;19,6;17,2;22;0,1;5,3
2023-06-11;"1387";"A CORUÑA";"A CORUÑA";57;19,2;16;22,5;0,1;8,7
2023-06-12;"1387";"A CORUÑA";"A CORUÑA";57;20;16,9;23,1;11;5,3
2023-06-13;"1387";"A CORUÑA";"A CORUÑA";57;19;17;21;0;7
2023-06-14;"1387";"A CORUÑA";"A CORUÑA";57;18,8;16,5;21,2;0;11,7
2023-06-15;"1387";"A CORUÑA";"A CORUÑA";57;20,4;16;24,9;0;14
2023-06-16;"1387";"A CORUÑA";"A CORUÑA";57;21,9;18,4;25,4;0,1;9,9
2023-06-17;"1387";"A CORUÑA";"A CORUÑA";57;20,2;18,1;22,4;17,8;6,9
2023-06-18;"1387";"A CORUÑA";"A CORUÑA";57;19,9;17,1;22,7;10,6;3,7
2023-06-19;"1387";"A CORUÑA";"A CORUÑA";57;19;17,1;20,8;2,4;3
2023-06-20;"1387";"A CORUÑA";"A CORUÑA";57;18,7;15,3;22,1;1;7,8
2023-06-21;"1387";"A CORUÑA";"A CORUÑA";57;19;16,5;21,6;0;12,5
2023-06-22;"1387";"A CORUÑA";"A CORUÑA";57;19,4;16,2;22,6;0;11,8
2023-06-23;"1387";"A CORUÑA";"A CORUÑA";57;21;17,6;24,5;0;12
2023-06-24;"1387";"A CORUÑA";"A CORUÑA";57;25,2;18,8;31,6;0;9,8
2023-06-25;"1387";"A CORUÑA";"A CORUÑA";57;21,4;18,2;24,5;0;11,8
2023-06-26;"1387";"A CORUÑA";"A CORUÑA";57;20,2;18,2;22,2;0;13
2023-06-27;"1387";"A CORUÑA";"A CORUÑA";57;20,8;18;23,6;0;12,8
2023-06-28;"1387";"A CORUÑA";"A CORUÑA";57;19,4;17,4;21,4;1,8;13,6
2023-06-29;"1387";"A CORUÑA";"A CORUÑA";57;18,8;16,6;21,1;0,2;7,4
2023-06-30;"1387";"A CORUÑA";"A CORUÑA";57;19,4;16;22,8;0;10,9
2023-07-01;"1387";"A CORUÑA";"A CORUÑA";57;20,1;17,8;22,4;0,6;8,6
2023-07-02;"1387";"A CORUÑA";"A CORUÑA";57;19,4;17,6;21,2;0;11
2023-07-03;"1387";"A CORUÑA";"A CORUÑA";57;19,8;17,1;22,4;0;9,6
2023-07-04;"1387";"A CORUÑA";"A CORUÑA";57;21;17,9;24,1;0,1;9,4
2023-07-05;"1387";"A CORUÑA";"A CORUÑA";57;20,2;18,2;22,1;0;9,3
2023-07-06;"1387";"A CORUÑA";"A CORUÑA";57;19,8;16,9;22,7;0;13,2
2023-07-07;"1387";"A CORUÑA";"A CORUÑA";57;21,6;16,3;27;3,4;10,9
2023-07-08;"1387";"A CORUÑA";"A CORUÑA";57;20,9;17,8;24;1;7,3
2023-07-09;"1387";"A CORUÑA";"A CORUÑA";57;20;16,9;23,2;0;9,7
2023-07-10;"1387";"A CORUÑA";"A CORUÑA";57;20;16;24,1;0,2;11,4
2023-07-11;"1387";"A CORUÑA";"A CORUÑA";57;21,6;18,5;24,6;2,2;6,7
2023-07-12;"1387";"A CORUÑA";"A CORUÑA";57;19,2;16,9;21,4;1;5,7
2023-07-13;"1387";"A CORUÑA";"A CORUÑA";57;19,8;15,5;24;0;12,4
2023-07-14;"1387";"A CORUÑA";"A CORUÑA";57;22;18;25,9;1,8;5,1
2023-07-15;"1387";"A CORUÑA";"A CORUÑA";57;19,8;16,6;23;2,2;11,8
2023-07-16;"1387";"A CORUÑA";"A CORUÑA";57;19,3;15,7;22,9;0;11,5
2023-07-17;"1387";"A CORUÑA";"A CORUÑA";57;19;14,4;23,6;0;14
2023-07-18;"1387";"A CORUÑA";"A CORUÑA";57;20,7;17,2;24,2;0;11,8
2023-07-19;"1387";"A CORUÑA";"A CORUÑA";57;20,2;17,8;22,6;0;12,1
2023-07-20;"1387";"A CORUÑA";"A CORUÑA";57;20,4;16,8;24,1;0;12,6
2023-07-21;"1387";"A CORUÑA";"A CORUÑA";57;19,6;16,2;23;0,2;13,1
2023-07-22;"1387";"A CORUÑA";"A CORUÑA";57;19,8;17,3;22,2;0;6,7
2023-07-23;"1387";"A CORUÑA";"A CORUÑA";57;20,7;17,1;24,3;2;2,8
2023-07-24;"1387";"A CORUÑA";"A CORUÑA";57;20,2;17,2;23,2;1,2;7,3
2023-07-25;"1387";"A CORUÑA";"A CORUÑA";57;20,2;17,3;23,1;0,4;8,2
2023-07-26;"1387";"A CORUÑA";"A CORUÑA";57;19,9;17,1;22,7;0;9,5
2023-07-27;"1387";"A CORUÑA";"A CORUÑA";57;22,2;19;25,3;0;7,7
2023-07-28;"1387";"A CORUÑA";"A CORUÑA";57;23,3;19,8;26,8;4,2;2,1
2023-07-29;"1387";"A CORUÑA";"A CORUÑA";57;20,8;17,8;23,8;0;3,7
2023-07-30;"1387";"A CORUÑA";"A CORUÑA";57;19,6;16;23,1;0;13,4
2023-07-31;"1387";"A CORUÑA";"A CORUÑA";57;21,5;17,3;25,7;1,4;10,2
2023-08-01;"1387";"A CORUÑA";"A CORUÑA";57;22,8;20,7;24,9;3,2;9,2
2023-08-02;"1387";"A CORUÑA";"A CORUÑA";57;21;18,8;23,3;0,6;3,1
2023-08-03;"1387";"A CORUÑA";"A CORUÑA";57;19,9;17,9;21,9;0,1;9,3
2023-08-04;"1387";"A CORUÑA";"A CORUÑA";57;19,2;17,2;21,2;0;11,8
2023-08-05;"1387";"A CORUÑA";"A CORUÑA";57;18,8;14,6;23;0;10,2
2023-08-06;"1387";"A CORUÑA";"A CORUÑA";57;20;17,1;22,9;0;12,9
2023-08-07;"1387";"A CORUÑA";"A CORUÑA";57;21,7;17,6;25,8;0;13,9
2023-08-08;"1387";"A CORUÑA";"A CORUÑA";57;23,4;17,7;29,1;0;13,7
2023-08-09;"1387";"A CORUÑA";"A CORUÑA";57;21,8;17,5;26;0;9,2
2023-08-10;"1387";"A CORUÑA";"A CORUÑA";57;25,4;21;29,8;0;10,5
2023-08-11;"1387";"A CORUÑA";"A CORUÑA";57;22,6;18,6;26,6;2,6;1,4
2023-08-12;"1387";"A CORUÑA";"A CORUÑA";57;21,6;18,6;24,6;0,1;12,3
2023-08-13;"1387";"A CORUÑA";"A CORUÑA";57;20;17,1;22,8;0;12,6
2023-08-14;"1387";"A CORUÑA";"A CORUÑA";57;21;16,9;25,1;0;11,3
2023-08-15;"1387";"A CORUÑA";"A CORUÑA";57;20,7;18;23,4;0;9,9
2023-08-16;"1387";"A CORUÑA";"A CORUÑA";57;20,4;18,9;21,9;0;10,4
2023-08-17;"1387";"A CORUÑA";"A CORUÑA";57;21,2;17,4;25;1,2;8,4
2023-08-18;"1387";"A CORUÑA";"A CORUÑA";57;24,2;21;27,5;2,8;3,9
2023-08-19;"1387";"A CORUÑA";"A CORUÑA";57;22,1;19,3;24,9;0;11,3
2023-08-20;"1387";"A CORUÑA";"A CORUÑA";57;21,4;18,9;24;0;10,7
2023-08-21;"1387";"A CORUÑA";"A CORUÑA";57;22,1;18,6;25,6;0;9,8
2023-08-22;"1387";"A CORUÑA";"A CORUÑA";57;24,3;19,1;29,5;0,4;11,5
2023-08-23;"1387";"A CORUÑA";"A CORUÑA";57;27,4;22,5;32,2;0;11,6
2023-08-24;"1387";"A CORUÑA";"A CORUÑA";57;22,3;18,8;25,8;0,2;10
2023-08-25;"1387";"A CORUÑA";"A CORUÑA";57;20;17,6;22,4;0;6,2
2023-08-26;"1387";"A CORUÑA";"A CORUÑA";57;19,3;16,2;22,4;3,8;9,1
2023-08-27;"1387";"A CORUÑA";"A CORUÑA";57;19,6;17,3;21,8;3;7,7
2023-08-28;"1387";"A CORUÑA";"A CORUÑA";57;19,6;17,2;21,9;3,6;2,7
2023-08-29;"1387";"A CORUÑA";"A CORUÑA";57;20,3;17,6;23;1;6,5
2023-08-30;"1387";"A CORUÑA";"A CORUÑA";57;20,4;17,8;23,1;1,6;9,8
2023-08-31;"1387";"A CORUÑA";"A CORUÑA";57;21,4;18,8;23,9;0;9,6
2023-09-01;"1387";"A CORUÑA";"A CORUÑA";57;19,6;16,3;22,8;12,8;1,6
2023-09-02;"1387";"A CORUÑA";"A CORUÑA";57;17,8;14,7;20,9;0;3,7
2023-09-03;"1387";"A CORUÑA";"A CORUÑA";57;22,4;19,1;25,7;0,4;6,6
2023-09-04;"1387";"A CORUÑA";"A CORUÑA";57;23,2;19,8;26,6;2,6;6,8
2023-09-05;"1387";"A CORUÑA";"A CORUÑA";57;22,1;18,7;25,5;0;3
2023-09-06;"1387";"A CORUÑA";"A CORUÑA";57;24,8;19,5;30;0;7,1
2023-09-07;"1387";"A CORUÑA";"A CORUÑA";57;25,2;20,1;30,4;0;6,8
2023-09-08;"1387";"A CORUÑA";"A CORUÑA";57;22,7;19,3;26,1;12,2;7,9
2023-09-09;"1387";"A CORUÑA";"A CORUÑA";57;21;17,5;24,6;8,6;4,6
2023-09-10;"1387";"A CORUÑA";"A CORUÑA";57;21,2;17,5;25;0;9,7
2023-09-11;"1387";"A CORUÑA";"A CORUÑA";57;20,8;18,2;23,5;0;6,9
2023-09-12;"1387";"A CORUÑA";"A CORUÑA";57;20,6;17,9;23,4;0;9,4
2023-09-13;"1387";"A CORUÑA";"A CORUÑA";57;19,5;17,1;21,9;0;9,1
2023-09-14;"1387";"A CORUÑA";"A CORUÑA";57;21,2;17;25,3;0;12
2023-09-15;"1387";"A CORUÑA";"A CORUÑA";57;21,1;18,4;23,8;2,8;10,3
2023-09-16;"1387";"A CORUÑA";"A CORUÑA";57;22;17,8;26,3;10;6,5
2023-09-17;"1387";"A CORUÑA";"A CORUÑA";57;19,2;16;22,4;9,4;3,6
2023-09-18;"1387";"A CORUÑA";"A CORUÑA";57;19,5;16,8;22,2;0;8,2
2023-09-19;"1387";"A CORUÑA";"A CORUÑA";57;18;14,2;21,9;0;10,5
2023-09-20;"1387";"A CORUÑA";"A CORUÑA";57;20,2;16,7;23,7;16,8;4,1
2023-09-21;"1387";"A CORUÑA";"A CORUÑA";57;18,1;15,7;20,5;2,4;9,7
2023-09-22;"1387";"A CORUÑA";"A CORUÑA";57;18,6;15,7;21,5;8;7,7
2023-09-23;"1387";"A CORUÑA";"A CORUÑA";57;18,6;14,1;23,2;0;7,1
2023-09-24;"1387";"A CORUÑA";"A CORUÑA";57;20,9;14,2;27,6;0;8,5
2023-09-25;"1387";"A CORUÑA";"A CORUÑA";57;21,4;18,9;23,8;0;7,4
2023-09-26;"1387";"A CORUÑA";"A CORUÑA";57;19,4;16,7;22;0;9,5
2023-09-27;"1387";"A CORUÑA";"A CORUÑA";57;21;17,2;24,8;0;4,8
2023-09-28;"1387";"A CORUÑA";"A CORUÑA";57;22,9;19,8;26;2,8;7,8
2023-09-29;"1387";"A CORUÑA";"A CORUÑA";57;21;18,4;23,5;0,2;7,8
2023-09-30;"1387";"A CORUÑA";"A CORUÑA";57;23;17,7;28,4;0;11,2
2023-10-01;"1387";"A CORUÑA";"A CORUÑA";57;20,2;18,1;22,3;0;7,3
2023-10-02;"1387";"A CORUÑA";"A CORUÑA";57;21,8;17,4;26,2;1,2;6,7
2023-10-03;"1387";"A CORUÑA";"A CORUÑA";57;19,2;17,8;20,7;0;7,6
2023-10-04;"1387";"A CORUÑA";"A CORUÑA";57;20,8;16,4;25,3;0;10,7
2023-10-05;"1387";"A CORUÑA";"A CORUÑA";57;18,5;15,8;21,2;0;3,4
2023-10-06;"1387";"A CORUÑA";"A CORUÑA";57;19,6;15,5;23,7;0;9,2
2023-10-07;"1387";"A CORUÑA";"A CORUÑA";57;26,4;19,5;33,4;0;10,7
2023-10-08;"1387";"A CORUÑA";"A CORUÑA";57;23,8;19,1;28,4;0;10,4
2023-10-09;"1387";"A CORUÑA";"A CORUÑA";57;21,4;16,8;25,9;0;10,5
2023-10-10;"1387";"A CORUÑA";"A CORUÑA";57;21;15,7;26,4;0;10,4
2023-10-11;"1387";"A CORUÑA";"A CORUÑA";57;23,8;18,5;29;0;6,7
2023-10-12;"1387";"A CORUÑA";"A CORUÑA";57;24,6;20;29,3;6;4,4
2023-10-13;"1387";"A CORUÑA";"A CORUÑA";57;20,6;17,2;23,9;26,6;0,1
2023-10-14;"1387";"A CORUÑA";"A CORUÑA";57;17,8;15,4;20,1;0,2;3
2023-10-15;"1387";"A CORUÑA";"A CORUÑA";57;16,8;15,1;18,4;3;0
2023-10-16;"1387";"A CORUÑA";"A CORUÑA";57;19,8;18,3;21,4;2;0,2
2023-10-17;"1387";"A CORUÑA";"A CORUÑA";57;21,4;18,5;24,3;10,6;0,4
2023-10-18;"1387";"A CORUÑA";"A CORUÑA";57;18,6;15,9;21,4;24,8;2,7
2023-10-19;"1387";"A CORUÑA";"A CORUÑA";57;17,2;14,7;19,7;32,6;2,7
2023-10-20;"1387";"A CORUÑA";"A CORUÑA";57;14,7;12,7;16,7;13,4;1,9
2023-10-21;"1387";"A CORUÑA";"A CORUÑA";57;15,7;12,3;19,1;0;7,3
2023-10-22;"1387";"A CORUÑA";"A CORUÑA";57;14,3;12;16,6;3,6;0,9
2023-10-23;"1387";"A CORUÑA";"A CORUÑA";57;15,5;12,9;18,1;2;7,2
2023-10-24;"1387";"A CORUÑA";"A CORUÑA";57;16,7;12,9;20,5;3,8;3,7
2023-10-25;"1387";"A CORUÑA";"A CORUÑA";57;18,6;16,4;20,8;16,6;0
2023-10-26;"1387";"A CORUÑA";"A CORUÑA";57;16,6;14,1;19,1;25,6;2,1
2023-10-27;"1387";"A CORUÑA";"A CORUÑA";57;15;12,5;17,5;8,6;3,8
2023-10-28;"1387";"A CORUÑA";"A CORUÑA";57;16,6;15;18,1;14;0,1
2023-10-29;"1387";"A CORUÑA";"A CORUÑA";57;14,2;11,5;16,8;6,4;3
2023-10-30;"1387";"A CORUÑA";"A CORUÑA";57;14,3;10,9;17,7;6,6;4,6
2023-10-31;"1387";"A CORUÑA";"A CORUÑA";57;16,3;13,5;19,1;12;4,8
2023-11-01;"1387";"A CORUÑA";"A CORUÑA";57;15,6;13,1;18,1;10,8;0,1
2023-11-02;"1387";"A CORUÑA";"A CORUÑA";57;13;9,8;16,2;18,4;2,4
2023-11-03;"1387";"A CORUÑA";"A CORUÑA";57;14,6;12,3;16,8;17,4;1,2
2023-11-04;"1387";"A CORUÑA";"A CORUÑA";57;15,2;12,5;17,9;14,8;4,4
2023-11-05;"1387";"A CORUÑA";"A CORUÑA";57;12,8;10,5;15,2;36,4;2
2023-11-06;"1387";"A CORUÑA";"A CORUÑA";57;12;9,9;14,1;7,8;5
2023-11-07;"1387";"A CORUÑA";"A CORUÑA";57;12,7;11,5;13,9;2,4;1
2023-11-08;"1387";"A CORUÑA";"A CORUÑA";57;15,5;12,3;18,7;10;1,5
2023-11-09;"1387";"A CORUÑA";"A CORUÑA";57;14,2;12;16,5;0,8;3,3
2023-11-10;"1387";"A CORUÑA";"A CORUÑA";57;15,1;12,8;17,4;11,8;0
2023-11-11;"1387";"A CORUÑA";"A CORUÑA";57;18,1;16,2;20;4,8;0,4
2023-11-12;"1387";"A CORUÑA";"A CORUÑA";57;18,8;16,4;21,1;1,2;7,2
2023-11-13;"1387";"A CORUÑA";"A CORUÑA";57;19,2;18;20,4;36,4;0
2023-11-14;"1387";"A CORUÑA";"A CORUÑA";57;17,6;15,7;19,4;13,4;0
2023-11-15;"1387";"A CORUÑA";"A CORUÑA";57;17,2;13,7;20,7;2,2;5
2023-11-16;"1387";"A CORUÑA";"A CORUÑA";57;16,2;12,8;19,5;0;3,7
2023-11-17;"1387";"A CORUÑA";"A CORUÑA";57;14,6;10,7;18,6;0;8,3
2023-11-18;"1387";"A CORUÑA";"A CORUÑA";57;18,2;15,4;21;0,2;1,9
2023-11-19;"1387";"A CORUÑA";"A CORUÑA";57;17,2;15,5;18,8;0,8;1,2
2023-11-20;"1387";"A CORUÑA";"A CORUÑA";57;14,6;13,1;16,2;0,4;4,3
2023-11-21;"1387";"A CORUÑA";"A CORUÑA";57;13;11,8;14,3;0,2;2,7
2023-11-22;"1387";"A CORUÑA";"A CORUÑA";57;13,7;11,7;15,7;0;5,7
2023-11-23;"1387";"A CORUÑA";"A CORUÑA";57;13,9;10,7;17,1;0;8,6
2023-11-24;"1387";"A CORUÑA";"A CORUÑA";57;12,6;8,4;16,7;0;8,3
2023-11-25;"1387";"A CORUÑA";"A CORUÑA";57;11,8;7,5;16,1;0;8,2
2023-11-26;"1387";"A CORUÑA";"A CORUÑA";57;10,9;8;13,8;0,4;3,2
2023-11-27;"1387";"A CORUÑA";"A CORUÑA";57;14,2;13,1;15,2;5,6;0
2023-11-28;"1387";"A CORUÑA";"A CORUÑA";57;14;12,3;15,8;3,8;0
2023-11-29;"1387";"A CORUÑA";"A CORUÑA";57;15,6;13,3;18;13,4;0
2023-11-30;"1387";"A CORUÑA";"A CORUÑA";57;11,2;8,9;13,4;2;0,2
2023-12-01;"1387";"A CORUÑA";"A CORUÑA";57;11,2;9;13,4;6,4;1,1
2023-12-02;"1387";"A CORUÑA";"A CORUÑA";57;10,6;8,3;12,9;1,2;2,7
2023-12-03;"1387";"A CORUÑA";"A CORUÑA";57;11,6;9,5;13,8;13,2;0
2023-12-04;"1387";"A CORUÑA";"A CORUÑA";57;11,8;9,7;13,9;3,4;2
2023-12-05;"1387";"A CORUÑA";"A CORUÑA";57;9,3;7,1;11,5;0;0,3
2023-12-06;"1387";"A CORUÑA";"A CORUÑA";57;9,8;5,9;13,6;3,6;0
2023-12-07;"1387";"A CORUÑA";"A CORUÑA";57;14,3;11,1;17,5;17,6;0
2023-12-08;"1387";"A CORUÑA";"A CORUÑA";57;13,2;10,9;15,4;3,4;0,9
2023-12-09;"1387";"A CORUÑA";"A CORUÑA";57;16,8;14,7;18,8;7;1,1
2023-12-10;"1387";"A CORUÑA";"A CORUÑA";57;17,8;15,6;19,9;0,1;0,5
2023-12-11;"1387";"A CORUÑA";"A CORUÑA";57;17,5;15,7;19,3;7,8;0,1
2023-12-12;"1387";"A CORUÑA";"A CORUÑA";57;14,2;12,6;15,8;4,2;0,4
2023-12-13;"1387";"A CORUÑA";"A CORUÑA";57;12,4;11,1;13,8;1,4;2,4
2023-12-14;"1387";"A CORUÑA";"A CORUÑA";57;11,9;10,1;13,7;0;1,2
2023-12-15;"1387";"A CORUÑA";"A CORUÑA";57;12,9;10,3;15,5;0;8,4
2023-12-16;"1387";"A CORUÑA";"A CORUÑA";57;11,5;7,5;15,5;0;8,3
2023-12-17;"1387";"A CORUÑA";"A CORUÑA";57;10;5,3;14,7;0;8,1
2023-12-18;"1387";"A CORUÑA";"A CORUÑA";57;8,6;4,6;12,5;0;5,1
2023-12-19;"1387";"A CORUÑA";"A CORUÑA";57;11;7,7;14,3;10,6;2,9
2023-12-20;"1387";"A CORUÑA";"A CORUÑA";57;11,8;10,8;12,9;2,2;2,2
2023-12-21;"1387";"A CORUÑA";"A CORUÑA";57;13,1;11,6;14,6;1,2;1,4
2023-12-22;"1387";"A CORUÑA";"A CORUÑA";57;13,1;11,8;14,4;0;4,8
2023-12-23;"1387";"A CORUÑA";"A CORUÑA";57;11,4;8,9;14;0;8,2
2023-12-24;"1387";"A CORUÑA";"A CORUÑA";57;10,9;6,9;14,9;0;7,5
2023-12-25;"1387";"A CORUÑA";"A CORUÑA";57;10,6;6,2;15,1;0;8,4
2023-12-26;"1387";"A CORUÑA";"A CORUÑA";57;12,3;10,1;14,5;0;0
2023-12-27;"1387";"A CORUÑA";"A CORUÑA";57;13,4;11;15,7;56,8;0,3
2023-12-28;"1387";"A CORUÑA";"A CORUÑA";57;12,6;11,1;14,1;3,4;0,8
2023-12-29;"1387";"A CORUÑA";"A CORUÑA";57;12,9;10;15,8;0;7
2023-12-30;"1387";"A CORUÑA";"A CORUÑA";57;12;8,8;15,2;9,4;4,9
2023-12-31;"1387";"A CORUÑA";"A CORUÑA";57;11,4;9,6;13,1;2;3
2024-01-01;"1387";"A CORUÑA";"A CORUÑA";57;11,9;9,9;13,9;0;2,4
2024-01-02;"1387";"A CORUÑA";"A CORUÑA";57;14,9;12,9;16,9;10,8;0
2024-01-03;"1387";"A CORUÑA";"A CORUÑA";57;13,6;11,6;15,6;0,4;2,6
2024-01-04;"1387";"A CORUÑA";"A CORUÑA";57;11,8;9,7;13,8;11;1,8
2024-01-05;"1387";"A CORUÑA";"A CORUÑA";57;11;9,4;12,5;2,8;1,3
2024-01-06;"1387";"A CORUÑA";"A CORUÑA";57;10,4;7,3;13,4;0,1;5
2024-01-07;"1387";"A CORUÑA";"A CORUÑA";57;9,6;6,6;12,7;0;8,3
2024-01-08;"1387";"A CORUÑA";"A CORUÑA";57;6,6;4,6;8,7;3,2;0
2024-01-09;"1387";"A CORUÑA";"A CORUÑA";57;8;4,7;11,3;9,2;1,9
2024-01-10;"1387";"A CORUÑA";"A CORUÑA";57;10;8,5;11,4;1,8;0,7
2024-01-11;"1387";"A CORUÑA";"A CORUÑA";57;8;5,6;10,4;0,2;4,8
2024-01-12;"1387";"A CORUÑA";"A CORUÑA";57;7,8;4,1;11,6;0;7,7
2024-01-13;"1387";"A CORUÑA";"A CORUÑA";57;11,6;8;15,3;3,4;2,1
2024-01-14;"1387";"A CORUÑA";"A CORUÑA";57;15,2;11,8;18,5;9,2;2,7
2024-01-15;"1387";"A CORUÑA";"A CORUÑA";57;14,8;13,2;16,3;1;1,1
2024-01-16;"1387";"A CORUÑA";"A CORUÑA";57;15,4;12,6;18,3;6,4;1,3
2024-01-17;"1387";"A CORUÑA";"A CORUÑA";57;15,6;13,7;17,6;11;1,2
2024-01-18;"1387";"A CORUÑA";"A CORUÑA";57;11,8;9;14,7;3,8;0
2024-01-19;"1387";"A CORUÑA";"A CORUÑA";57;9;5,9;12;0;8
2024-01-20;"1387";"A CORUÑA";"A CORUÑA";57;7,9;2,1;13,7;0;7,9
2024-01-21;"1387";"A CORUÑA";"A CORUÑA";57;12,8;10,2;15,5;0;5,9
2024-01-22;"1387";"A CORUÑA";"A CORUÑA";57;15,8;14,9;16,7;4,8;0
2024-01-23;"1387";"A CORUÑA";"A CORUÑA";57;16;14,7;17,4;0,2;0
2024-01-24;"1387";"A CORUÑA";"A CORUÑA";57;14,4;11,8;17,1;0;9
2024-01-25;"1387";"A CORUÑA";"A CORUÑA";57;15,3;11,9;18,7;0;8,7
2024-01-26;"1387";"A CORUÑA";"A CORUÑA";57;13,4;11,3;15,5;0;4,4
2024-01-27;"1387";"A CORUÑA";"A CORUÑA";57;16,2;10,8;21,5;0;8,7
2024-01-28;"1387";"A CORUÑA";"A CORUÑA";57;15,4;12,5;18,2;0;1,7
2024-01-29;"1387";"A CORUÑA";"A CORUÑA";57;15,8;12,8;18,9;0;1,3
2024-01-30;"1387";"A CORUÑA";"A CORUÑA";57;16;11,8;20,1;0;2,9
2024-01-31;"1387";"A CORUÑA";"A CORUÑA";57;14,5;10,6;18,4;0;8,7
2024-02-01;"1387";"A CORUÑA";"A CORUÑA";57;11,6;9,3;14;0;6,8
2024-02-02;"1387";"A CORUÑA";"A CORUÑA";57;12,8;8,7;16,9;0;9,2
2024-02-03;"1387";"A CORUÑA";"A CORUÑA";57;13,8;8,3;19,2;0;9,2
2024-02-04;"1387";"A CORUÑA";"A CORUÑA";57;12,8;9,1;16,6;0;6,5
2024-02-05;"1387";"A CORUÑA";"A CORUÑA";57;12;8,8;15,3;0;7,1
2024-02-06;"1387";"A CORUÑA";"A CORUÑA";57;12,6;8,8;16,4;0;8,5
2024-02-07;"1387";"A CORUÑA";"A CORUÑA";57;15,7;12,6;18,8;1;1,8
2024-02-08;"1387";"A CORUÑA";"A CORUÑA";57;14,9;13,1;16,7;8,4;1,6
2024-02-09;"1387";"A CORUÑA";"A CORUÑA";57;12,6;11;14,3;16,4;0,1
2024-02-10;"1387";"A CORUÑA";"A CORUÑA";57;10,7;8,7;12,7;2,6;3,1
2024-02-11;"1387";"A CORUÑA";"A CORUÑA";57;11,8;8,8;14,8;0,8;0,4
2024-02-12;"1387";"A CORUÑA";"A CORUÑA";57;12,9;10,8;15;0,2;3,7
2024-02-13;"1387";"A CORUÑA";"A CORUÑA";57;16,6;13,2;20;0;8,5
2024-02-14;"1387";"A CORUÑA";"A CORUÑA";57;19,1;15,8;22,4;0,2;NA
2024-02-15;"1387";"A CORUÑA";"A CORUÑA";57;16,2;12,6;19,8;13,4;1,4
2024-02-16;"1387";"A CORUÑA";"A CORUÑA";57;14,2;10,5;17,9;0;5,6
2024-02-17;"1387";"A CORUÑA";"A CORUÑA";57;13,8;10,4;17,2;0;9,3
2024-02-18;"1387";"A CORUÑA";"A CORUÑA";57;15;13,2;16,9;1,6;0,4
2024-02-19;"1387";"A CORUÑA";"A CORUÑA";57;13,6;10,8;16,3;0;7,2
2024-02-20;"1387";"A CORUÑA";"A CORUÑA";57;15,6;8,7;22,6;0;8,3
2024-02-21;"1387";"A CORUÑA";"A CORUÑA";57;14;11,6;16,5;1,2;0,2
2024-02-22;"1387";"A CORUÑA";"A CORUÑA";57;12,4;8,7;16,1;9;2,7
2024-02-23;"1387";"A CORUÑA";"A CORUÑA";57;10;8;12,1;14,4;3,5
2024-02-24;"1387";"A CORUÑA";"A CORUÑA";57;11,4;8,6;14,1;14,6;1,7
2024-02-25;"1387";"A CORUÑA";"A CORUÑA";57;12,8;11;14,7;23,2;0,3
2024-02-26;"1387";"A CORUÑA";"A CORUÑA";57;10;8;12;2,8;1,4
2024-02-27;"1387";"A CORUÑA";"A CORUÑA";57;11,6;10,2;12,9;0;6,9
2024-02-28;"1387";"A CORUÑA";"A CORUÑA";57;12,4;9,8;15,1;0,6;4,4
2024-02-29;"1387";"A CORUÑA";"A CORUÑA";57;10,6;9,1;12,2;11,4;3
2024-03-01;"1387";"A CORUÑA";"A CORUÑA";57;11,4;9,2;13,7;31,6;0,1
2024-03-02;"1387";"A CORUÑA";"A CORUÑA";57;9,4;7,8;11,1;9;2
2024-03-03;"1387";"A CORUÑA";"A CORUÑA";57;10,1;7,4;12,8;1,6;3,3
2024-03-04;"1387";"A CORUÑA";"A CORUÑA";57;11,6;8,4;14,7;4,6;4,3
2024-03-05;"1387";"A CORUÑA";"A CORUÑA";57;11,7;8,2;15,2;0;6
2024-03-06;"1387";"A CORUÑA";"A CORUÑA";57;13,4;9,6;17,1;0,1;5,4
2024-03-07;"1387";"A CORUÑA";"A CORUÑA";57;11,8;8,6;15;0,4;4,1
2024-03-08;"1387";"A CORUÑA";"A CORUÑA";57;10,4;7,8;13,1;21,8;0,6
2024-03-09;"1387";"A CORUÑA";"A CORUÑA";57;9;6,5;11,5;16;2,4
2024-03-10;"1387";"A CORUÑA";"A CORUÑA";57;11,7;9,6;13,8;4,2;2,6
2024-03-11;"1387";"A CORUÑA";"A CORUÑA";57;13,2;10,8;15,6;0;4,7
2024-03-12;"1387";"A CORUÑA";"A CORUÑA";57;14,8;11;18,6;0;10,7
2024-03-13;"1387";"A CORUÑA";"A CORUÑA";57;15,8;9,3;22,4;0;11,1
2024-03-14;"1387";"A CORUÑA";"A CORUÑA";57;16;13,1;18,9;1,2;6,4
2024-03-15;"1387";"A CORUÑA";"A CORUÑA";57;16;13,3;18,6;0;4,5
2024-03-16;"1387";"A CORUÑA";"A CORUÑA";57;15,7;12,5;18,9;6,8;1
2024-03-17;"1387";"A CORUÑA";"A CORUÑA";57;16,4;13,1;19,8;0;1,1
2024-03-18;"1387";"A CORUÑA";"A CORUÑA";57;13,4;11,7;15,2;0;1,1
2024-03-19;"1387";"A CORUÑA";"A CORUÑA";57;12,4;9,2;15,7;0;5,7
2024-03-20;"1387";"A CORUÑA";"A CORUÑA";57;12;10;14;1,4;2,2
2024-03-21;"1387";"A CORUÑA";"A CORUÑA";57;15,7;11,4;20;0;11,2
2024-03-22;"1387";"A CORUÑA";"A CORUÑA";57;14,3;11,7;16,9;0,1;9,6
2024-03-23;"1387";"A CORUÑA";"A CORUÑA";57;13,6;10,6;16,5;0;10
2024-03-24;"1387";"A CORUÑA";"A CORUÑA";57;13,2;10;16,5;0;11,5
2024-03-25;"1387";"A CORUÑA";"A CORUÑA";57;9;6,2;11,7;7;1,7
2024-03-26;"1387";"A CORUÑA";"A CORUÑA";57;8,4;5,8;11;5,8;2
2024-03-27;"1387";"A CORUÑA";"A CORUÑA";57;9,2;6,3;12,2;13,4;0,8
2024-03-28;"1387";"A CORUÑA";"A CORUÑA";57;9,4;6,7;12;8,8;1,7
2024-03-29;"1387";"A CORUÑA";"A CORUÑA";57;10,8;7,8;13,7;2;5,2
2024-03-30;"1387";"A CORUÑA";"A CORUÑA";57;9,7;7,5;11,9;3,2;1,3
2024-03-31;"1387";"A CORUÑA";"A CORUÑA";57;10,4;6,6;14,3;4,4;3,5
2024-04-01;"1387";"A CORUÑA";"A CORUÑA";57;12;8,7;15,3;0,8;6,1
2024-04-02;"1387";"A CORUÑA";"A CORUÑA";57;14;12,6;15,5;8,6;0,6
2024-04-03;"1387";"A CORUÑA";"A CORUÑA";57;16,6;14,1;19;0,2;6,8
2024-04-04;"1387";"A CORUÑA";"A CORUÑA";57;16,2;14,2;18,1;9,6;0,9
2024-04-05;"1387";"A CORUÑA";"A CORUÑA";57;20,4;14,3;26,4;5,4;6,8
2024-04-06;"1387";"A CORUÑA";"A CORUÑA";57;16,2;12,8;19,5;0,4;8,3
2024-04-07;"1387";"A CORUÑA";"A CORUÑA";57;16,3;12,3;20,3;4,6;8,4
2024-04-08;"1387";"A CORUÑA";"A CORUÑA";57;12,6;10,2;15;4,8;4,9
2024-04-09;"1387";"A CORUÑA";"A CORUÑA";57;13,2;10,3;16,1;0;9,7
2024-04-10;"1387";"A CORUÑA";"A CORUÑA";57;13,4;9,2;17,6;0;11,4
2024-04-11;"1387";"A CORUÑA";"A CORUÑA";57;16,8;10,2;23,4;0;11,9
2024-04-12;"1387";"A CORUÑA";"A CORUÑA";57;20;14,4;25,7;0;12,7
2024-04-13;"1387";"A CORUÑA";"A CORUÑA";57;20,2;15,5;24,8;0;12,5
2024-04-14;"1387";"A CORUÑA";"A CORUÑA";57;15,5;13,3;17,7;0;6
2024-04-15;"1387";"A CORUÑA";"A CORUÑA";57;14,2;12,8;15,5;0;10,7
2024-04-16;"1387";"A CORUÑA";"A CORUÑA";57;13,6;12,2;15,1;0;7,8
2024-04-17;"1387";"A CORUÑA";"A CORUÑA";57;13,8;10,9;16,8;0;12,6
2024-04-18;"1387";"A CORUÑA";"A CORUÑA";57;14,9;11,3;18,5;0;13
2024-04-19;"1387";"A CORUÑA";"A CORUÑA";57;15,6;10,6;20,5;0;13,2
2024-04-20;"1387";"A CORUÑA";"A CORUÑA";57;16,8;11;22,6;0;13,2
2024-04-21;"1387";"A CORUÑA";"A CORUÑA";57;16,2;11,1;21,2;0;13,2
2024-04-22;"1387";"A CORUÑA";"A CORUÑA";57;14,8;10,4;19,3;0;13,4
2024-04-23;"1387";"A CORUÑA";"A CORUÑA";57;12,4;9,4;15,3;0;11,6
2024-04-24;"1387";"A CORUÑA";"A CORUÑA";57;12,2;9,5;14,9;0,1;11,6
2024-04-25;"1387";"A CORUÑA";"A CORUÑA";57;14,2;11,3;17;4;4,5
2024-04-26;"1387";"A CORUÑA";"A CORUÑA";57;11,2;9,4;13,1;34,4;0,6
2024-04-27;"1387";"A CORUÑA";"A CORUÑA";57;11,8;8,7;14,9;11,8;6
2024-04-28;"1387";"A CORUÑA";"A CORUÑA";57;12;8,9;15,1;0,4;10,7
2024-04-29;"1387";"A CORUÑA";"A CORUÑA";57;12;7,4;16,6;5;11,1
2024-04-30;"1387";"A CORUÑA";"A CORUÑA";57;12;8,5;15,4;9,6;5,9
2024-05-01;"1387";"A CORUÑA";"A CORUÑA";57;11,8;8,2;15,3;2,8;10,5
2024-05-02;"1387";"A CORUÑA";"A CORUÑA";57;11,8;8,9;14,7;8;4,4
2024-05-03;"1387";"A CORUÑA";"A CORUÑA";57;13,8;10,8;16,8;28;0
2024-05-04;"1387";"A CORUÑA";"A CORUÑA";57;16,7;15,1;18,3;18,6;0,8
2024-05-05;"1387";"A CORUÑA";"A CORUÑA";57;14;11,4;16,6;0,4;8,8
2024-05-06;"1387";"A CORUÑA";"A CORUÑA";57;14,3;11;17,6;0;11,5
2024-05-07;"1387";"A CORUÑA";"A CORUÑA";57;14,4;11,8;17,1;0;13
2024-05-08;"1387";"A CORUÑA";"A CORUÑA";57;16,6;11,6;21,6;0;11,9
2024-05-09;"1387";"A CORUÑA";"A CORUÑA";57;20,8;15,4;26,1;0;7,3
2024-05-10;"1387";"A CORUÑA";"A CORUÑA";57;19,8;13,9;25,7;0;11,8
2024-05-11;"1387";"A CORUÑA";"A CORUÑA";57;15,6;13;18,1;0;1,4
2024-05-12;"1387";"A CORUÑA";"A CORUÑA";57;17;13,9;20,2;0,4;6,1
2024-05-13;"1387";"A CORUÑA";"A CORUÑA";57;15;12,5;17,6;23,2;3
2024-05-14;"1387";"A CORUÑA";"A CORUÑA";57;13,8;11,2;16,4;11;6
2024-05-15;"1387";"A CORUÑA";"A CORUÑA";57;13,4;10,9;15,8;9,8;5
2024-05-16;"1387";"A CORUÑA";"A CORUÑA";57;12,8;10,8;14,9;11,6;0,5
2024-05-17;"1387";"A CORUÑA";"A CORUÑA";57;14,6;11,7;17,6;24,6;7,2
2024-05-18;"1387";"A CORUÑA";"A CORUÑA";57;14,4;12,4;16,4;5,2;7,8
2024-05-19;"1387";"A CORUÑA";"A CORUÑA";57;14,9;13;16,8;0,6;4,1
2024-05-20;"1387";"A CORUÑA";"A CORUÑA";57;16;13,5;18,4;5,6;8,3
2024-05-21;"1387";"A CORUÑA";"A CORUÑA";57;15,2;13;17,3;2,6;1,8
2024-05-22;"1387";"A CORUÑA";"A CORUÑA";57;15,2;13;17,5;4,4;7,1
2024-05-23;"1387";"A CORUÑA";"A CORUÑA";57;14,5;12,2;16,8;0,4;8,7
2024-05-24;"1387";"A CORUÑA";"A CORUÑA";57;15,2;11,3;19;0;13,4
2024-05-25;"1387";"A CORUÑA";"A CORUÑA";57;17,2;13,8;20,7;0,1;3,1
2024-05-26;"1387";"A CORUÑA";"A CORUÑA";57;15,6;13,5;17,7;0,1;7,9
2024-05-27;"1387";"A CORUÑA";"A CORUÑA";57;14,2;11,3;17,2;0;13,9
2024-05-28;"1387";"A CORUÑA";"A CORUÑA";57;14,8;11,3;18,2;0;13,4
2024-05-29;"1387";"A CORUÑA";"A CORUÑA";57;17,5;14,6;20,4;0,6;9
2024-05-30;"1387";"A CORUÑA";"A CORUÑA";57;16,8;14,6;18,9;0;10,3
2024-05-31;"1387";"A CORUÑA";"A CORUÑA";57;17,2;13,7;20,6;0;13,9
2024-06-01;"1387";"A CORUÑA";"A CORUÑA";57;18,2;14,2;22,3;0;14
2024-06-02;"1387";"A CORUÑA";"A CORUÑA";57;18,2;15;21,5;0;13,9
2024-06-03;"1387";"A CORUÑA";"A CORUÑA";57;18,9;15,2;22,6;0;14,6
2024-06-04;"1387";"A CORUÑA";"A CORUÑA";57;19,4;14,8;23,9;0;14,1
2024-06-05;"1387";"A CORUÑA";"A CORUÑA";57;16;13,1;19;0;7,1
2024-06-06;"1387";"A CORUÑA";"A CORUÑA";57;17,7;15;20,4;0;7,7
2024-06-07;"1387";"A CORUÑA";"A CORUÑA";57;18,8;16;21,7;2;12
2024-06-08;"1387";"A CORUÑA";"A CORUÑA";57;15,8;14,4;17,3;2,8;0
2024-06-09;"1387";"A CORUÑA";"A CORUÑA";57;15,6;14,1;17,1;0;1,9
2024-06-10;"1387";"A CORUÑA";"A CORUÑA";57;16;13,6;18,5;0;12,7
2024-06-11;"1387";"A CORUÑA";"A CORUÑA";57;15,4;13,9;16,9;0;7,7
2024-06-12;"1387";"A CORUÑA";"A CORUÑA";57;15,6;12,7;18,6;0;12,9
2024-06-13;"1387";"A CORUÑA";"A CORUÑA";57;16,4;12,2;20,7;3,4;1,5
2024-06-14;"1387";"A CORUÑA";"A CORUÑA";57;16,8;14,4;19,3;0,1;6,4
2024-06-15;"1387";"A CORUÑA";"A CORUÑA";57;17,4;14,4;20,3;0,4;4,8
2024-06-16;"1387";"A CORUÑA";"A CORUÑA";57;18,8;16,1;21,6;0,4;0,6
2024-06-17;"1387";"A CORUÑA";"A CORUÑA";57;19;17,1;20,9;3,8;1,9
2024-06-18;"1387";"A CORUÑA";"A CORUÑA";57;16,8;14,3;19,2;10,6;2,7
2024-06-19;"1387";"A CORUÑA";"A CORUÑA";57;15,7;14,1;17,3;12,2;0,9
2024-06-20;"1387";"A CORUÑA";"A CORUÑA";57;15,8;14,2;17,4;1,4;0,5
2024-06-21;"1387";"A CORUÑA";"A CORUÑA";57;17;14,6;19,4;0,2;9,4
2024-06-22;"1387";"A CORUÑA";"A CORUÑA";57;18,8;15,9;21,8;1;3,1
2024-06-23;"1387";"A CORUÑA";"A CORUÑA";57;17,8;16,2;19,3;0;1,1
2024-06-24;"1387";"A CORUÑA";"A CORUÑA";57;18,8;16;21,6;0;12,2
2024-06-25;"1387";"A CORUÑA";"A CORUÑA";57;18,1;16,1;20,1;0;0,2
2024-06-26;"1387";"A CORUÑA";"A CORUÑA";57;18,2;15,9;20,5;0;8,4
2024-06-27;"1387";"A CORUÑA";"A CORUÑA";57;17,6;16,1;19,1;0,1;7,6
2024-06-28;"1387";"A CORUÑA";"A CORUÑA";57;17,4;15,6;19,3;0,1;7,2
2024-06-29;"1387";"A CORUÑA";"A CORUÑA";57;17,8;15,2;20,5;1,8;10
2024-06-30;"1387";"A CORUÑA";"A CORUÑA";57;18,2;16;20,5;0,2;5,1
2024-07-01;"1387";"A CORUÑA";"A CORUÑA";57;17,8;15,2;20,4;0;14,5
2024-07-02;"1387";"A CORUÑA";"A CORUÑA";57;17,6;15;20,1;0;12,7
2024-07-03;"1387";"A CORUÑA";"A CORUÑA";57;17,4;14,9;19,9;0;10,1
2024-07-04;"1387";"A CORUÑA";"A CORUÑA";57;18,4;16,7;20,2;0;10,1
2024-07-05;"1387";"A CORUÑA";"A CORUÑA";57;18,1;15,5;20,7;3,8;10,1
2024-07-06;"1387";"A CORUÑA";"A CORUÑA";57;17,4;15;19,9;0;11,5
2024-07-07;"1387";"A CORUÑA";"A CORUÑA";57;16,9;13,1;20,7;0;8,6
2024-07-08;"1387";"A CORUÑA";"A CORUÑA";57;20,2;17,1;23,2;6,8;1,2
2024-07-09;"1387";"A CORUÑA";"A CORUÑA";57;19,6;17,8;21,3;3;1,2
2024-07-10;"1387";"A CORUÑA";"A CORUÑA";57;21,2;18,2;24,3;5;0,6
2024-07-11;"1387";"A CORUÑA";"A CORUÑA";57;20,2;16,9;23,5;0,4;3,1
2024-07-12;"1387";"A CORUÑA";"A CORUÑA";57;17,8;16;19,7;0;11,1
2024-07-13;"1387";"A CORUÑA";"A CORUÑA";57;18,8;15,4;22,3;0,2;11,6
2024-07-14;"1387";"A CORUÑA";"A CORUÑA";57;21,1;16,9;25,3;11,2;2,9
2024-07-15;"1387";"A CORUÑA";"A CORUÑA";57;19,8;16,3;23,3;0,1;6,4
2024-07-16;"1387";"A CORUÑA";"A CORUÑA";57;19,2;17,2;21,2;0;9,3
2024-07-17;"1387";"A CORUÑA";"A CORUÑA";57;20;15,4;24,7;0;11,1
2024-07-18;"1387";"A CORUÑA";"A CORUÑA";57;20,2;16,5;24;0;12,2
2024-07-19;"1387";"A CORUÑA";"A CORUÑA";57;21,2;17,4;25,1;0,4;12,2
2024-07-20;"1387";"A CORUÑA";"A CORUÑA";57;20;17,2;22,7;1,6;0,1
2024-07-21;"1387";"A CORUÑA";"A CORUÑA";57;18,8;16,6;20,9;0;7,6
2024-07-22;"1387";"A CORUÑA";"A CORUÑA";57;19,9;15;24,8;0;14
2024-07-23;"1387";"A CORUÑA";"A CORUÑA";57;20,6;17,4;23,8;0;13,7
2024-07-24;"1387";"A CORUÑA";"A CORUÑA";57;20,4;18;22,8;0;14
2024-07-25;"1387";"A CORUÑA";"A CORUÑA";57;19,2;17,1;21,4;0;12,2
2024-07-26;"1387";"A CORUÑA";"A CORUÑA";57;21,1;17,6;24,6;0;8
2024-07-27;"1387";"A CORUÑA";"A CORUÑA";57;20;17,9;22;0;8,1
2024-07-28;"1387";"A CORUÑA";"A CORUÑA";57;22,6;18,5;26,7;0;13,4
2024-07-29;"1387";"A CORUÑA";"A CORUÑA";57;22,4;19,6;25,3;0,1;7,9
2024-07-30;"1387";"A CORUÑA";"A CORUÑA";57;24,3;19,6;29;0;10,6
2024-07-31;"1387";"A CORUÑA";"A CORUÑA";57;19,8;17,3;22,2;0,1;2,4
2024-08-01;"1387";"A CORUÑA";"A CORUÑA";57;20;18;21,9;1;3,7
2024-08-02;"1387";"A CORUÑA";"A CORUÑA";57;20;17,5;22,6;0;6,8
2024-08-03;"1387";"A CORUÑA";"A CORUÑA";57;20,2;15,8;24,5;0;13,5
2024-08-04;"1387";"A CORUÑA";"A CORUÑA";57;20,6;17,3;23,9;0;10,7
2024-08-05;"1387";"A CORUÑA";"A CORUÑA";57;22,4;18,9;25,9;0;7,4
2024-08-06;"1387";"A CORUÑA";"A CORUÑA";57;20;17,8;22,1;1,4;0
2024-08-07;"1387";"A CORUÑA";"A CORUÑA";57;19,7;18,1;21,3;0;7,8
2024-08-08;"1387";"A CORUÑA";"A CORUÑA";57;19,6;17,2;22,1;0;9,5
2024-08-09;"1387";"A CORUÑA";"A CORUÑA";57;20,2;17,7;22,6;0;13,4
2024-08-10;"1387";"A CORUÑA";"A CORUÑA";57;23,6;18,1;29;0;12,4
2024-08-11;"1387";"A CORUÑA";"A CORUÑA";57;24,3;20,1;28,5;0;11,2
2024-08-12;"1387";"A CORUÑA";"A CORUÑA";57;21,5;18,6;24,4;0,8;1,9
2024-08-13;"1387";"A CORUÑA";"A CORUÑA";57;20,4;17,5;23,3;2;0,4
2024-08-14;"1387";"A CORUÑA";"A CORUÑA";57;19,8;17,4;22,3;0;12,5
2024-08-15;"1387";"A CORUÑA";"A CORUÑA";57;19,5;15,1;23,9;0;13,3
2024-08-16;"1387";"A CORUÑA";"A CORUÑA";57;20,4;16,4;24,4;1;10,9
2024-08-17;"1387";"A CORUÑA";"A CORUÑA";57;22,6;20,5;24,7;3;4,8
2024-08-18;"1387";"A CORUÑA";"A CORUÑA";57;20,6;18,6;22,7;0;8,6
2024-08-19;"1387";"A CORUÑA";"A CORUÑA";57;20,2;16,7;23,8;0,4;11,9
2024-08-20;"1387";"A CORUÑA";"A CORUÑA";57;20,6;18,2;22,9;0,8;4,9
2024-08-21;"1387";"A CORUÑA";"A CORUÑA";57;21,3;17,8;24,8;0;10,5
2024-08-22;"1387";"A CORUÑA";"A CORUÑA";57;20,4;17,1;23,6;0,1;9,3
2024-08-23;"1387";"A CORUÑA";"A CORUÑA";57;22,3;20,3;24,3;3,6;8,4
2024-08-24;"1387";"A CORUÑA";"A CORUÑA";57;20,4;17,1;23,7;4,4;8,2
2024-08-25;"1387";"A CORUÑA";"A CORUÑA";57;18,3;14,7;21,9;0;12,5
2024-08-26;"1387";"A CORUÑA";"A CORUÑA";57;21;17,1;24,9;0;11,5
2024-08-27;"1387";"A CORUÑA";"A CORUÑA";57;20,6;16,8;24,5;0;11,1
2024-08-28;"1387";"A CORUÑA";"A CORUÑA";57;20,8;17;24,7;0,1;4,8
2024-08-29;"1387";"A CORUÑA";"A CORUÑA";57;19,4;18;20,8;0;0,1
2024-08-30;"1387";"A CORUÑA";"A CORUÑA";57;19,4;17,4;21,4;0;2,2
2024-08-31;"1387";"A CORUÑA";"A CORUÑA";57;18,8;17,3;20,3;0;1,2
2024-09-01;"1387";"A CORUÑA";"A CORUÑA";57;20,8;18,4;23,1;10,8;8,7
2024-09-02;"1387";"A CORUÑA";"A CORUÑA";57;18,2;16;20,4;0;1,4
2024-09-03;"1387";"A CORUÑA";"A CORUÑA";57;18;15,5;20,6;0;8,3
2024-09-04;"1387";"A CORUÑA";"A CORUÑA";57;17,5;15,2;19,8;0,1;5,3
2024-09-05;"1387";"A CORUÑA";"A CORUÑA";57;16,3;13,7;18,9;8;0,2
2024-09-06;"1387";"A CORUÑA";"A CORUÑA";57;16,8;13,7;19,8;3;5,1
2024-09-07;"1387";"A CORUÑA";"A CORUÑA";57;17,2;13,3;21,2;0;11,6
2024-09-08;"1387";"A CORUÑA";"A CORUÑA";57;18,2;14,2;22,1;0;9,4
2024-09-09;"1387";"A CORUÑA";"A CORUÑA";57;18,8;16,6;20,9;0;1,6
2024-09-10;"1387";"A CORUÑA";"A CORUÑA";57;18;16;19,9;0;7,1
2024-09-11;"1387";"A CORUÑA";"A CORUÑA";57;18,8;15,5;22;3;3,6
2024-09-12;"1387";"A CORUÑA";"A CORUÑA";57;18,2;16;20,4;0,1;4,5
2024-09-13;"1387";"A CORUÑA";"A CORUÑA";57;17,6;14,5;20,6;0;10,6
2024-09-14;"1387";"A CORUÑA";"A CORUÑA";57;17,2;13;21,5;0;11,9
2024-09-15;"1387";"A CORUÑA";"A CORUÑA";57;19,2;14;24,5;0;11,6
2024-09-16;"1387";"A CORUÑA";"A CORUÑA";57;19,5;13,9;25,1;0;11,8
2024-09-17;"1387";"A CORUÑA";"A CORUÑA";57;19,8;16,2;23,4;0;11,6
2024-09-18;"1387";"A CORUÑA";"A CORUÑA";57;20,4;15,6;25,2;0;11,8
2024-09-19;"1387";"A CORUÑA";"A CORUÑA";57;18,3;14,9;21,7;0;8,5
2024-09-20;"1387";"A CORUÑA";"A CORUÑA";57;17,6;14,7;20,6;0,6;0,1
2024-09-21;"1387";"A CORUÑA";"A CORUÑA";57;18,5;15,8;21,2;0;8,9
2024-09-22;"1387";"A CORUÑA";"A CORUÑA";57;17,8;15,1;20,6;0;8,3
2024-09-23;"1387";"A CORUÑA";"A CORUÑA";57;18,4;15,3;21,4;1,6;6,1
2024-09-24;"1387";"A CORUÑA";"A CORUÑA";57;18,8;15,7;22;0;8,3
2024-09-25;"1387";"A CORUÑA";"A CORUÑA";57;21,2;17,6;24,8;13,8;1,8
2024-09-26;"1387";"A CORUÑA";"A CORUÑA";57;18,4;15,6;21,2;12;8,4
2024-09-27;"1387";"A CORUÑA";"A CORUÑA";57;16,2;13,3;19,1;0,6;8,8
2024-09-28;"1387";"A CORUÑA";"A CORUÑA";57;14,6;10,8;18,3;0;7,8
2024-09-29;"1387";"A CORUÑA";"A CORUÑA";57;19,6;16,5;22,7;2,4;3,8
2024-09-30;"1387";"A CORUÑA";"A CORUÑA";57;20;16,7;23,2;0,4;0,4
2024-10-01;"1387";"A CORUÑA";"A CORUÑA";57;21,2;19,3;23,1;14;NA
2024-10-02;"1387";"A CORUÑA";"A CORUÑA";57;18,4;16,3;20,6;18,7;0
2024-10-03;"1387";"A CORUÑA";"A CORUÑA";57;18,1;15,7;20,5;0;5,3
2024-10-04;"1387";"A CORUÑA";"A CORUÑA";57;18,6;15,9;21,2;0,4;7,5
2024-10-05;"1387";"A CORUÑA";"A CORUÑA";57;21,1;18,6;23,6;13,8;1,3
2024-10-06;"1387";"A CORUÑA";"A CORUÑA";57;18,2;15,7;20,7;7,6;1
2024-10-07;"1387";"A CORUÑA";"A CORUÑA";57;17,9;14,5;21,3;5;5,8
2024-10-08;"1387";"A CORUÑA";"A CORUÑA";57;18,8;16,2;21,5;30,4;0
2024-10-09;"1387";"A CORUÑA";"A CORUÑA";57;18,6;15;22,2;17,2;1,4
2024-10-10;"1387";"A CORUÑA";"A CORUÑA";57;16,5;13,8;19,2;1,6;5,3
2024-10-11;"1387";"A CORUÑA";"A CORUÑA";57;16,2;12,1;20,3;2,2;1,7
2024-10-12;"1387";"A CORUÑA";"A CORUÑA";57;20,6;16,4;24,7;0,1;8,1
2024-10-13;"1387";"A CORUÑA";"A CORUÑA";57;20,3;15,6;25;0;8,5
2024-10-14;"1387";"A CORUÑA";"A CORUÑA";57;21;18,2;23,7;0,2;3,4
2024-10-15;"1387";"A CORUÑA";"A CORUÑA";57;18,9;17,8;20;21,4;0,3
2024-10-16;"1387";"A CORUÑA";"A CORUÑA";57;17,9;15,5;20,3;9,2;6,1
2024-10-17;"1387";"A CORUÑA";"A CORUÑA";57;16,8;14,7;19;0,2;6,3
2024-10-18;"1387";"A CORUÑA";"A CORUÑA";57;17,2;14;20,3;6,6;0,5
2024-10-19;"1387";"A CORUÑA";"A CORUÑA";57;17,4;14,6;20,1;2,6;0,1
2024-10-20;"1387";"A CORUÑA";"A CORUÑA";57;21,4;19,1;23,8;9,2;7,1
2024-10-21;"1387";"A CORUÑA";"A CORUÑA";57;17;14,2;19,9;6,2;7,5
2024-10-22;"1387";"A CORUÑA";"A CORUÑA";57;15,8;13,1;18,4;0;9,5
2024-10-23;"1387";"A CORUÑA";"A CORUÑA";57;18,6;12,4;24,8;0;10,1
2024-10-24;"1387";"A CORUÑA";"A CORUÑA";57;17,4;13,2;21,5;7,8;3,1
2024-10-25;"1387";"A CORUÑA";"A CORUÑA";57;12,8;10,6;15;19,4;2,6
2024-10-26;"1387";"A CORUÑA";"A CORUÑA";57;13,1;10,9;15,3;19,8;0,8
2024-10-27;"1387";"A CORUÑA";"A CORUÑA";57;15,3;13;17,6;0;8,7
2024-10-28;"1387";"A CORUÑA";"A CORUÑA";57;16,4;13,8;19,1;0,4;8,5
2024-10-29;"1387";"A CORUÑA";"A CORUÑA";57;16,2;12,6;19,8;0;9,6
2024-10-30;"1387";"A CORUÑA";"A CORUÑA";57;18;14,8;21,3;0;7,2
2024-10-31;"1387";"A CORUÑA";"A CORUÑA";57;18,4;14,4;22,4;0;8,4
2024-11-01;"1387";"A CORUÑA";"A CORUÑA";57;18;15,2;20,8;0;5
2024-11-02;"1387";"A CORUÑA";"A CORUÑA";57;18;13,7;22,3;0;9,6
2024-11-03;"1387";"A CORUÑA";"A CORUÑA";57;19,3;14,2;24,4;0;9,4
2024-11-04;"1387";"A CORUÑA";"A CORUÑA";57;18,2;15,1;21,4;1,8;2,7
2024-11-05;"1387";"A CORUÑA";"A CORUÑA";57;19;15,5;22,4;0;5,1
2024-11-06;"1387";"A CORUÑA";"A CORUÑA";57;19,7;15,4;24;0;5,2
2024-11-07;"1387";"A CORUÑA";"A CORUÑA";57;20,3;15,2;25,4;0;7,6
2024-11-08;"1387";"A CORUÑA";"A CORUÑA";57;18;14,4;21,5;4,4;1,1
2024-11-09;"1387";"A CORUÑA";"A CORUÑA";57;16;14,4;17,6;19,6;0,1
2024-11-10;"1387";"A CORUÑA";"A CORUÑA";57;16,5;15,8;17,2;0,4;0
2024-11-11;"1387";"A CORUÑA";"A CORUÑA";57;16,8;14,2;19,4;0,1;7,4
2024-11-12;"1387";"A CORUÑA";"A CORUÑA";57;14,9;12,2;17,6;0,8;8,9
2024-11-13;"1387";"A CORUÑA";"A CORUÑA";57;12,8;10,7;14,9;0,2;6,8
2024-11-14;"1387";"A CORUÑA";"A CORUÑA";57;15;12,5;17,5;0,1;8,1
2024-11-15;"1387";"A CORUÑA";"A CORUÑA";57;15,4;12,4;18,5;0,8;2
2024-11-16;"1387";"A CORUÑA";"A CORUÑA";57;17,7;13,6;21,8;0;5,3
2024-11-17;"1387";"A CORUÑA";"A CORUÑA";57;16;12,2;19,9;0;8,7
2024-11-18;"1387";"A CORUÑA";"A CORUÑA";57;13,6;10,2;17,1;0;5,3
2024-11-19;"1387";"A CORUÑA";"A CORUÑA";57;14,8;12,8;16,8;0,2;0,8
2024-11-20;"1387";"A CORUÑA";"A CORUÑA";57;14,8;14;15,7;3;0,4
2024-11-21;"1387";"A CORUÑA";"A CORUÑA";57;13,8;11,2;16,4;42,8;0
2024-11-22;"1387";"A CORUÑA";"A CORUÑA";57;11,1;8,6;13,6;0;7,6
2024-11-23;"1387";"A CORUÑA";"A CORUÑA";57;17,6;13,3;21,8;0;6,7
2024-11-24;"1387";"A CORUÑA";"A CORUÑA";57;17,6;11,4;23,9;40,8;3,7
2024-11-25;"1387";"A CORUÑA";"A CORUÑA";57;13,3;10,8;15,8;0,8;5,4
2024-11-26;"1387";"A CORUÑA";"A CORUÑA";57;14,6;12,4;16,7;0,2;3,5
2024-11-27;"1387";"A CORUÑA";"A CORUÑA";57;16,2;14,2;18,3;0;1,3
2024-11-28;"1387";"A CORUÑA";"A CORUÑA";57;16,6;11,8;21,4;0;7,6
2024-11-29;"1387";"A CORUÑA";"A CORUÑA";57;18,5;15,7;21,3;0,1;7,7
2024-11-30;"1387";"A CORUÑA";"A CORUÑA";57;17,2;14,5;20;29,6;0,8
2024-12-01;"1387";"A CORUÑA";"A CORUÑA";57;15,4;13,7;17;4,6;0
2024-12-02;"1387";"A CORUÑA";"A CORUÑA";57;13,7;11,2;16,2;0;5,3
2024-12-03;"1387";"A CORUÑA";"A CORUÑA";57;12,4;9,6;15,2;3,8;0
2024-12-04;"1387";"A CORUÑA";"A CORUÑA";57;13,7;12,3;15,1;0,4;0,2
2024-12-05;"1387";"A CORUÑA";"A CORUÑA";57;15,4;13,6;17,1;0;0,2
2024-12-06;"1387";"A CORUÑA";"A CORUÑA";57;17,2;15,4;18,9;6,8;1,1
2024-12-07;"1387";"A CORUÑA";"A CORUÑA";57;14;11,8;16,1;0,2;3,9
2024-12-08;"1387";"A CORUÑA";"A CORUÑA";57;12;10,7;13,2;2;3,3
2024-12-09;"1387";"A CORUÑA";"A CORUÑA";57;11,4;9,6;13,3;6;3,8
2024-12-10;"1387";"A CORUÑA";"A CORUÑA";57;10,2;8,6;11,9;0,1;3,6
2024-12-11;"1387";"A CORUÑA";"A CORUÑA";57;9,6;6,9;12,4;0;6,9
2024-12-12;"1387";"A CORUÑA";"A CORUÑA";57;10,1;6,4;13,8;0;4,8
2024-12-13;"1387";"A CORUÑA";"A CORUÑA";57;10,4;6,4;14,4;0;6,7
2024-12-14;"1387";"A CORUÑA";"A CORUÑA";57;9,7;4,9;14,5;0;8,3
2024-12-15;"1387";"A CORUÑA";"A CORUÑA";57;10,4;6,5;14,3;0;7,9
2024-12-16;"1387";"A CORUÑA";"A CORUÑA";57;12,4;7,6;17,2;0;6,1
2024-12-17;"1387";"A CORUÑA";"A CORUÑA";57;16,6;12,8;20,3;0;4,2
2024-12-18;"1387";"A CORUÑA";"A CORUÑA";57;16,9;14,8;19;7;1
2024-12-19;"1387";"A CORUÑA";"A CORUÑA";57;12,8;9,2;16,3;0,1;2,6
2024-12-20;"1387";"A CORUÑA";"A CORUÑA";57;10,4;8,2;12,7;0,2;1,6
2024-12-21;"1387";"A CORUÑA";"A CORUÑA";57;12,7;10,6;14,8;5,2;0
2024-12-22;"1387";"A CORUÑA";"A CORUÑA";57;13,1;11,5;14,7;2,4;1,2
2024-12-23;"1387";"A CORUÑA";"A CORUÑA";57;11,6;9,6;13,6;0,1;3
2024-12-24;"1387";"A CORUÑA";"A CORUÑA";57;11,6;8,5;14,8;0;8,4
2024-12-25;"1387";"A CORUÑA";"A CORUÑA";57;13,5;9,1;17,9;0;8,4
2024-12-26;"1387";"A CORUÑA";"A CORUÑA";57;12,3;8,1;16,5;0;8,4
2024-12-27;"1387";"A CORUÑA";"A CORUÑA";57;10,6;6,7;14,6;0;7,1
2024-12-28;"1387";"A CORUÑA";"A CORUÑA";57;11,2;9,5;13;0,1;0
2024-12-29;"1387";"A CORUÑA";"A CORUÑA";57;11,1;8,8;13,4;0;0
2024-12-30;"1387";"A CORUÑA";"A CORUÑA";57;9,9;6,1;13,7;0;5,8
2024-12-31;"1387";"A CORUÑA";"A CORUÑA";57;10,4;6,2;14,7;0;8,4
2023-01-01;"B228";"PALMA, PUERTO";"ILLES BALEARS";3;16,7;11;22,4;0;7,2
2023-01-02;"B228";"PALMA, PUERTO";"ILLES BALEARS";3;15;11;18,9;0;4
2023-01-03;"B228";"PALMA, PUERTO";"ILLES BALEARS";3;13,8;10;17,6;0;1,6
2023-01-04;"B228";"PALMA, PUERTO";"ILLES BALEARS";3;13,2;9,1;17,4;0;7,7
2023-01-05;"B228";"PALMA, PUERTO";"ILLES BALEARS";3;13,4;8;18,7;0;8,1
2023-01-06;"B228";"PALMA, PUERTO";"ILLES BALEARS";3;13,6;9,1;18,1;0;7,6
2023-01-07;"B228";"PALMA, PUERTO";"ILLES BALEARS";3;14,8;11,3;18,2;0;7,6
2023-01-08;"B228";"PALMA, PUERTO";"ILLES BALEARS";3;15,8;12,1;19,4;0,4;1,5
2023-01-09;"B228";"PALMA, PUERTO";"ILLES BALEARS";3;18;15,5;20,5;0;7,2
2023-01-10;"B228";"PALMA, PUERTO";"ILLES BALEARS";3;14,6;10,3;18,9;0;8
2023-01-11;"B228";"PALMA, PUERTO";"ILLES BALEARS";3;14,9;9,8;20;0;6,9
2023-01-12;"B228";"PALMA, PUERTO";"ILLES BALEARS";3;14,8;10,3;19,2;0;7,9
2023-01-13;"B228";"PALMA, PUERTO";"ILLES BALEARS";3;15;10,8;19,2;0;5
2023-01-14;"B228";"PALMA, PUERTO";"ILLES BALEARS";3;13,8;9,4;18,3;0;7,1
2023-01-15;"B228";"PALMA, PUERTO";"ILLES BALEARS";3;15,4;11,3;19,6;0;5,2
2023-01-16;"B228";"PALMA, PUERTO";"ILLES BALEARS";3;13,8;10,7;17;0;7
2023-01-17;"B228";"PALMA, PUERTO";"ILLES BALEARS";3;15,4;10,8;19,9;9,8;5,9
2023-01-18;"B228";"PALMA, PUERTO";"ILLES BALEARS";3;11,6;9,4;13,8;1;4,6
2023-01-19;"B228";"PALMA, PUERTO";"ILLES BALEARS";3;11,2;8,3;14,1;2,3;4,6
2023-01-20;"B228";"PALMA, PUERTO";"ILLES BALEARS";3;11,4;7,2;15,7;0,5;1,2
2023-01-21;"B228";"PALMA, PUERTO";"ILLES BALEARS";3;9;5,8;12,1;0,9;4,9
2023-01-22;"B228";"PALMA, PUERTO";"ILLES BALEARS";3;8,4;5,1;11,6;2;5,3
2023-01-23;"B228";"PALMA, PUERTO";"ILLES BALEARS";3;8,3;4,8;11,8;1,5;4,6
2023-01-24;"B228";"PALMA, PUERTO";"ILLES BALEARS";3;8,3;5,3;11,3;2,5;5,4
2023-01-25;"B228";"PALMA, PUERTO";"ILLES BALEARS";3;10;7,7;12,4;2,4;1,3
2023-01-26;"B228";"PALMA, PUERTO";"ILLES BALEARS";3;9,3;5;13,6;0;3,5
2023-01-27;"B228";"PALMA, PUERTO";"ILLES BALEARS";3;7,8;5,2;10,4;1,5;2,7
2023-01-28;"B228";"PALMA, PUERTO";"ILLES BALEARS";3;8,8;6,5;11;1,9;0,6
2023-01-29;"B228";"PALMA, PUERTO";"ILLES BALEARS";3;9,5;6,9;12,1;0,1;6,5
2023-01-30;"B228";"PALMA, PUERTO";"ILLES BALEARS";3;10,4;6,3;14,4;0;8,1
2023-01-31;"B228";"PALMA, PUERTO";"ILLES BALEARS";3;11,8;6,8;16,8;0;8,1
2023-02-01;"B228";"PALMA, PUERTO";"ILLES BALEARS";3;10,4;5,8;15;0;8
2023-02-02;"B228";"PALMA, PUERTO";"ILLES BALEARS";3;10,8;4,8;16,9;0;7,7
2023-02-03;"B228";"PALMA, PUERTO";"ILLES BALEARS";3;11,8;6;17,6;0;7,9
2023-02-04;"B228";"PALMA, PUERTO";"ILLES BALEARS";3;12,9;5,3;20,5;0;8,1
2023-02-05;"B228";"PALMA, PUERTO";"ILLES BALEARS";3;12,6;7,4;17,7;0;8,1
2023-02-06;"B228";"PALMA, PUERTO";"ILLES BALEARS";3;10,2;8,1;12,3;7,4;0,9
2023-02-07;"B228";"PALMA, PUERTO";"ILLES BALEARS";3;12,4;9,6;15,2;11,9;4,5
2023-02-08;"B228";"PALMA, PUERTO";"ILLES BALEARS";3;11,8;9,4;14,1;0;3,1
2023-02-09;"B228";"PALMA, PUERTO";"ILLES BALEARS";3;10,4;7,1;13,6;0,4;7,1
2023-02-10;"B228";"PALMA, PUERTO";"ILLES BALEARS";3;9,6;6,2;13;0;2,6
2023-02-11;"B228";"PALMA, PUERTO";"ILLES BALEARS";3;9,5;4,8;14,2;0;8,5
2023-02-12;"B228";"PALMA, PUERTO";"ILLES BALEARS";3;10,9;6,6;15,2;0;8,4
2023-02-13;"B228";"PALMA, PUERTO";"ILLES BALEARS";3;10,8;6,4;15,2;0;8,6
2023-02-14;"B228";"PALMA, PUERTO";"ILLES BALEARS";3;12,5;8,2;16,8;0;6,3
2023-02-15;"B228";"PALMA, PUERTO";"ILLES BALEARS";3;13,4;10;16,9;0;7,4
2023-02-16;"B228";"PALMA, PUERTO";"ILLES BALEARS";3;14,4;10,9;17,9;1,5;5,5
2023-02-17;"B228";"PALMA, PUERTO";"ILLES BALEARS";3;13,2;9,3;17,2;0;8,6
2023-02-18;"B228";"PALMA, PUERTO";"ILLES BALEARS";3;12;7,4;16,5;0;8,6
2023-02-19;"B228";"PALMA, PUERTO";"ILLES BALEARS";3;12,4;8;16,8;0;8,3
2023-02-20;"B228";"PALMA, PUERTO";"ILLES BALEARS";3;13;8,3;17,6;0;8,8
2023-02-21;"B228";"PALMA, PUERTO";"ILLES BALEARS";3;15,5;9,7;21,3;0;6,5
2023-02-22;"B228";"PALMA, PUERTO";"ILLES BALEARS";3;12,5;9,1;15,9;0,1;6,4
2023-02-23;"B228";"PALMA, PUERTO";"ILLES BALEARS";3;13,8;12,5;15,2;0;0
2023-02-24;"B228";"PALMA, PUERTO";"ILLES BALEARS";3;14;9,9;18,1;12,5;3,7
2023-02-25;"B228";"PALMA, PUERTO";"ILLES BALEARS";3;11,4;7,6;15,2;0;6,3
2023-02-26;"B228";"PALMA, PUERTO";"ILLES BALEARS";3;11,7;7,5;15,9;4,5;6,6
2023-02-27;"B228";"PALMA, PUERTO";"ILLES BALEARS";3;6;3,5;8,5;48,7;0
2023-02-28;"B228";"PALMA, PUERTO";"ILLES BALEARS";3;8;5,7;10,2;20,7;0
2023-03-01;"B228";"PALMA, PUERTO";"ILLES BALEARS";3;10,6;6,7;14,5;0;9,1
2023-03-02;"B228";"PALMA, PUERTO";"ILLES BALEARS";3;9,2;5,4;12,9;0;3
2023-03-03;"B228";"PALMA, PUERTO";"ILLES BALEARS";3;11,3;7,5;15,1;0;4,3
2023-03-04;"B228";"PALMA, PUERTO";"ILLES BALEARS";3;11;6,4;15,7;0;7,4
2023-03-05;"B228";"PALMA, PUERTO";"ILLES BALEARS";3;10,6;6;15,2;3;8
2023-03-06;"B228";"PALMA, PUERTO";"ILLES BALEARS";3;14,3;10,2;18,4;0,3;7,4
2023-03-07;"B228";"PALMA, PUERTO";"ILLES BALEARS";3;14,2;8,4;20;0;7,7
2023-03-08;"B228";"PALMA, PUERTO";"ILLES BALEARS";3;15,4;10,5;20,3;0;9
2023-03-09;"B228";"PALMA, PUERTO";"ILLES BALEARS";3;17,4;13,8;21,1;0;3
2023-03-10;"B228";"PALMA, PUERTO";"ILLES BALEARS";3;19,4;15,1;23,6;0;9,2
2023-03-11;"B228";"PALMA, PUERTO";"ILLES BALEARS";3;22;16,8;27,3;0;10
2023-03-12;"B228";"PALMA, PUERTO";"ILLES BALEARS";3;20,2;15;25,4;0;10,1
2023-03-13;"B228";"PALMA, PUERTO";"ILLES BALEARS";3;16,8;13,1;20,6;0;8,4
2023-03-14;"B228";"PALMA, PUERTO";"ILLES BALEARS";3;18,9;15,9;21,9;0;10,2
2023-03-15;"B228";"PALMA, PUERTO";"ILLES BALEARS";3;17,2;13;21,4;0;10,2
2023-03-16;"B228";"PALMA, PUERTO";"ILLES BALEARS";3;15,7;11,5;19,9;0;9,2
2023-03-17;"B228";"PALMA, PUERTO";"ILLES BALEARS";3;17,5;13,5;21,5;0;9,2
2023-03-18;"B228";"PALMA, PUERTO";"ILLES BALEARS";3;15,1;12,3;17,9;0;3
2023-03-19;"B228";"PALMA, PUERTO";"ILLES BALEARS";3;16,4;11,7;21;0,1;8,6
2023-03-20;"B228";"PALMA, PUERTO";"ILLES BALEARS";3;14,8;10,2;19,3;0;9,8
2023-03-21;"B228";"PALMA, PUERTO";"ILLES BALEARS";3;14,4;10,5;18,2;0;7,6
2023-03-22;"B228";"PALMA, PUERTO";"ILLES BALEARS";3;14,6;11,1;18,2;0;9
2023-03-23;"B228";"PALMA, PUERTO";"ILLES BALEARS";3;15;11,6;18,5;0;8,4
2023-03-24;"B228";"PALMA, PUERTO";"ILLES BALEARS";3;15,2;11;19,5;0;7,2
2023-03-25;"B228";"PALMA, PUERTO";"ILLES BALEARS";3;18;13,9;22,1;0;9,6
2023-03-26;"B228";"PALMA, PUERTO";"ILLES BALEARS";3;17,9;12,9;22,9;0;9,4
2023-03-27;"B228";"PALMA, PUERTO";"ILLES BALEARS";3;16,7;13,2;20,2;0;9,7
2023-03-28;"B228";"PALMA, PUERTO";"ILLES BALEARS";3;15,2;12,2;18,3;0;9,1
2023-03-29;"B228";"PALMA, PUERTO";"ILLES BALEARS";3;14,8;11,1;18,5;0;9,8
2023-03-30;"B228";"PALMA, PUERTO";"ILLES BALEARS";3;14,8;10,6;19;0;8,2
2023-03-31;"B228";"PALMA, PUERTO";"ILLES BALEARS";3;20,2;14,6;25,9;0;6,8
2023-04-01;"B228";"PALMA, PUERTO";"ILLES BALEARS";3;16,3;11,4;21,2;2,7;10,2
2023-04-02;"B228";"PALMA, PUERTO";"ILLES BALEARS";3;14,9;11,4;18,4;0;11,3
2023-04-03;"B228";"PALMA, PUERTO";"ILLES BALEARS";3;14,6;11,1;18,2;0,2;9,1
2023-04-04;"B228";"PALMA, PUERTO";"ILLES BALEARS";3;14,6;9,7;19,4;0,2;11,1
2023-04-05;"B228";"PALMA, PUERTO";"ILLES BALEARS";3;14;8,8;19,2;0;11,6
2023-04-06;"B228";"PALMA, PUERTO";"ILLES BALEARS";3;13,8;9,4;18,2;0;11,6
2023-04-07;"B228";"PALMA, PUERTO";"ILLES BALEARS";3;14,2;9,7;18,6;0;11,5
2023-04-08;"B228";"PALMA, PUERTO";"ILLES BALEARS";3;14,6;10,5;18,7;0;10,8
2023-04-09;"B228";"PALMA, PUERTO";"ILLES BALEARS";3;14,4;10,4;18,5;0;11,6
2023-04-10;"B228";"PALMA, PUERTO";"ILLES BALEARS";3;15,4;11,5;19,4;0;9
2023-04-11;"B228";"PALMA, PUERTO";"ILLES BALEARS";3;15,5;11,4;19,6;0;10,9
2023-04-12;"B228";"PALMA, PUERTO";"ILLES BALEARS";3;17,4;12;22,8;0,3;10,6
2023-04-13;"B228";"PALMA, PUERTO";"ILLES BALEARS";3;15,8;13,2;18,3;0;9,4
2023-04-14;"B228";"PALMA, PUERTO";"ILLES BALEARS";3;18,2;13,9;22,4;0;11,4
2023-04-15;"B228";"PALMA, PUERTO";"ILLES BALEARS";3;19;15,8;22,1;0;11,9
2023-04-16;"B228";"PALMA, PUERTO";"ILLES BALEARS";3;17,7;13,4;22;0;10,7
2023-04-17;"B228";"PALMA, PUERTO";"ILLES BALEARS";3;15,9;11,1;20,7;0;11,8
2023-04-18;"B228";"PALMA, PUERTO";"ILLES BALEARS";3;16,8;11,2;22,3;0;11,8
2023-04-19;"B228";"PALMA, PUERTO";"ILLES BALEARS";3;17,2;11,3;23,1;0;11,8
2023-04-20;"B228";"PALMA, PUERTO";"ILLES BALEARS";3;15,6;11,8;19,5;0;11,9
2023-04-21;"B228";"PALMA, PUERTO";"ILLES BALEARS";3;17,2;14;20,3;0;11
2023-04-22;"B228";"PALMA, PUERTO";"ILLES BALEARS";3;18,6;15,1;22,1;0;8,2
2023-04-23;"B228";"PALMA, PUERTO";"ILLES BALEARS";3;18;14,3;21,6;0;10,9
2023-04-24;"B228";"PALMA, PUERTO";"ILLES BALEARS";3;19,8;15,4;24,1;0;11
2023-04-25;"B228";"PALMA, PUERTO";"ILLES BALEARS";3;19,6;17;22,1;0;10,3
2023-04-26;"B228";"PALMA, PUERTO";"ILLES BALEARS";3;20,6;16,6;24,7;0;11,6
2023-04-27;"B228";"PALMA, PUERTO";"ILLES BALEARS";3;20;16,8;23,2;0;10,9
2023-04-28;"B228";"PALMA, PUERTO";"ILLES BALEARS";3;21,5;16,9;26,1;0;9,9
2023-04-29;"B228";"PALMA, PUERTO";"ILLES BALEARS";3;24;20,2;27,9;1,3;5,6
2023-04-30;"B228";"PALMA, PUERTO";"ILLES BALEARS";3;21,3;18,1;24,5;0;5,2
2023-05-01;"B228";"PALMA, PUERTO";"ILLES BALEARS";3;20,8;16,3;25,4;0;11,1
2023-05-02;"B228";"PALMA, PUERTO";"ILLES BALEARS";3;19,6;16,2;23;0;12,4
2023-05-03;"B228";"PALMA, PUERTO";"ILLES BALEARS";3;19,2;14;24,4;0;11,3
2023-05-04;"B228";"PALMA, PUERTO";"ILLES BALEARS";3;20,2;15,9;24,4;0;10,6
2023-05-05;"B228";"PALMA, PUERTO";"ILLES BALEARS";3;19,6;15,5;23,8;0;12,4
2023-05-06;"B228";"PALMA, PUERTO";"ILLES BALEARS";3;21,8;16,9;26,6;0;9
2023-05-07;"B228";"PALMA, PUERTO";"ILLES BALEARS";3;22,4;18,8;25,9;0;4,3
2023-05-08;"B228";"PALMA, PUERTO";"ILLES BALEARS";3;21,2;17,3;25;0;11,7
2023-05-09;"B228";"PALMA, PUERTO";"ILLES BALEARS";3;20,6;16,7;24,6;0,9;11,2
2023-05-10;"B228";"PALMA, PUERTO";"ILLES BALEARS";3;20;17,4;22,6;0;7,8
2023-05-11;"B228";"PALMA, PUERTO";"ILLES BALEARS";3;18,8;16,2;21,3;0,1;3,1
2023-05-12;"B228";"PALMA, PUERTO";"ILLES BALEARS";3;19,3;15,2;23,4;0;7,1
2023-05-13;"B228";"PALMA, PUERTO";"ILLES BALEARS";3;17,5;15,3;19,7;9,1;2,9
2023-05-14;"B228";"PALMA, PUERTO";"ILLES BALEARS";3;17,9;14,3;21,5;10,6;9,3
2023-05-15;"B228";"PALMA, PUERTO";"ILLES BALEARS";3;20,1;16,1;24,1;1,5;10,9
2023-05-16;"B228";"PALMA, PUERTO";"ILLES BALEARS";3;19,6;16,6;22,5;0,4;7,3
2023-05-17;"B228";"PALMA, PUERTO";"ILLES BALEARS";3;18,6;15,7;21,6;0;9,1
2023-05-18;"B228";"PALMA, PUERTO";"ILLES BALEARS";3;19;15,8;22,3;0;3,8
2023-05-19;"B228";"PALMA, PUERTO";"ILLES BALEARS";3;18;15,4;20,7;0,6;8,2
2023-05-20;"B228";"PALMA, PUERTO";"ILLES BALEARS";3;18,6;15,6;21,7;0,5;9,4
2023-05-21;"B228";"PALMA, PUERTO";"ILLES BALEARS";3;19,8;16,2;23,5;0;11,9
2023-05-22;"B228";"PALMA, PUERTO";"ILLES BALEARS";3;20,4;17;23,9;0;0,8
2023-05-23;"B228";"PALMA, PUERTO";"ILLES BALEARS";3;21,4;18,2;24,7;0;4,2
2023-05-24;"B228";"PALMA, PUERTO";"ILLES BALEARS";3;22;18;26,1;0;7,2
2023-05-25;"B228";"PALMA, PUERTO";"ILLES BALEARS";3;20,3;17,4;23,2;1;6,7
2023-05-26;"B228";"PALMA, PUERTO";"ILLES BALEARS";3;21,8;18,5;25,1;0;11,7
2023-05-27;"B228";"PALMA, PUERTO";"ILLES BALEARS";3;22,6;18;27,2;0;11,4
2023-05-28;"B228";"PALMA, PUERTO";"ILLES BALEARS";3;20,2;18,8;21,6;0,1;0
2023-05-29;"B228";"PALMA, PUERTO";"ILLES BALEARS";3;20;17,9;22,2;9,2;0
2023-05-30;"B228";"PALMA, PUERTO";"ILLES BALEARS";3;20;16,7;23,4;0;0,3
2023-05-31;"B228";"PALMA, PUERTO";"ILLES BALEARS";3;21,6;16,8;26,4;9,5;9,5
2023-06-01;"B228";"PALMA, PUERTO";"ILLES BALEARS";3;20,8;18,1;23,6;0,1;5,8
2023-06-02;"B228";"PALMA, PUERTO";"ILLES BALEARS";3;21,2;17,4;25,1;0;10,8
2023-06-03;"B228";"PALMA, PUERTO";"ILLES BALEARS";3;21,1;17,7;24,5;0;10,1
2023-06-04;"B228";"PALMA, PUERTO";"ILLES BALEARS";3;21,8;18,5;25,2;1,5;8,6
2023-06-05;"B228";"PALMA, PUERTO";"ILLES BALEARS";3;21,6;17,9;25,3;0;12,5
2023-06-06;"B228";"PALMA, PUERTO";"ILLES BALEARS";3;21,6;18,3;25;0;13
2023-06-07;"B228";"PALMA, PUERTO";"ILLES BALEARS";3;22,8;19,9;25,8;0,1;1,9
2023-06-08;"B228";"PALMA, PUERTO";"ILLES BALEARS";3;23,2;20,4;26;0;9,1
2023-06-09;"B228";"PALMA, PUERTO";"ILLES BALEARS";3;23,7;21,4;26;0;6,7
2023-06-10;"B228";"PALMA, PUERTO";"ILLES BALEARS";3;23,3;20,3;26,3;0;8,6
2023-06-11;"B228";"PALMA, PUERTO";"ILLES BALEARS";3;23,5;21,1;25,9;0;8
2023-06-12;"B228";"PALMA, PUERTO";"ILLES BALEARS";3;24,6;20,4;28,8;0;11,9
2023-06-13;"B228";"PALMA, PUERTO";"ILLES BALEARS";3;23,9;21,7;26,1;0,1;7,7
2023-06-14;"B228";"PALMA, PUERTO";"ILLES BALEARS";3;25,2;22,5;27,9;0,6;9,5
2023-06-15;"B228";"PALMA, PUERTO";"ILLES BALEARS";3;25,8;21,3;30,3;0;10,5
2023-06-16;"B228";"PALMA, PUERTO";"ILLES BALEARS";3;24,4;20,5;28,3;0;12,6
2023-06-17;"B228";"PALMA, PUERTO";"ILLES BALEARS";3;24,3;20,3;28,3;0;13,1
2023-06-18;"B228";"PALMA, PUERTO";"ILLES BALEARS";3;26,6;21,4;31,7;0;8,1
2023-06-19;"B228";"PALMA, PUERTO";"ILLES BALEARS";3;28,6;23,4;33,8;0;6,3
2023-06-20;"B228";"PALMA, PUERTO";"ILLES BALEARS";3;27,4;24,4;30,5;0;8,3
2023-06-21;"B228";"PALMA, PUERTO";"ILLES BALEARS";3;26,7;24,8;28,6;0;8,6
2023-06-22;"B228";"PALMA, PUERTO";"ILLES BALEARS";3;28,4;25,1;31,8;0;10
2023-06-23;"B228";"PALMA, PUERTO";"ILLES BALEARS";3;27,6;23,7;31,6;0;13,2
2023-06-24;"B228";"PALMA, PUERTO";"ILLES BALEARS";3;25,9;22,2;29,6;0;13,3
2023-06-25;"B228";"PALMA, PUERTO";"ILLES BALEARS";3;26,8;22,3;31,4;0;13,4
2023-06-26;"B228";"PALMA, PUERTO";"ILLES BALEARS";3;27,1;22,9;31,3;0;12,9
2023-06-27;"B228";"PALMA, PUERTO";"ILLES BALEARS";3;26,6;23,1;30;0;12,8
2023-06-28;"B228";"PALMA, PUERTO";"ILLES BALEARS";3;27;23,7;30,2;0;9,7
2023-06-29;"B228";"PALMA, PUERTO";"ILLES BALEARS";3;27,6;23,7;31,4;0,2;12,1
2023-06-30;"B228";"PALMA, PUERTO";"ILLES BALEARS";3;26,9;23,8;30;0,3;7,1
2023-07-01;"B228";"PALMA, PUERTO";"ILLES BALEARS";3;24,9;22,8;27;0;6,4
2023-07-02;"B228";"PALMA, PUERTO";"ILLES BALEARS";3;25,2;22,2;28,3;0;12,1
2023-07-03;"B228";"PALMA, PUERTO";"ILLES BALEARS";3;25,6;22,7;28,6;0,1;9,7
2023-07-04;"B228";"PALMA, PUERTO";"ILLES BALEARS";3;26,8;23,8;29,8;0;9,5
2023-07-05;"B228";"PALMA, PUERTO";"ILLES BALEARS";3;26,8;24,1;29,5;0;12,2
2023-07-06;"B228";"PALMA, PUERTO";"ILLES BALEARS";3;27,8;24,7;31;0;12,6
2023-07-07;"B228";"PALMA, PUERTO";"ILLES BALEARS";3;30,1;25,4;34,8;0;9,6
2023-07-08;"B228";"PALMA, PUERTO";"ILLES BALEARS";3;30;25,6;34,4;0;11,6
2023-07-09;"B228";"PALMA, PUERTO";"ILLES BALEARS";3;28,6;26,3;30,8;0;10,1
2023-07-10;"B228";"PALMA, PUERTO";"ILLES BALEARS";3;29,9;26,6;33,2;0;8,8
2023-07-11;"B228";"PALMA, PUERTO";"ILLES BALEARS";3;30,5;26,4;34,6;0;9,7
2023-07-12;"B228";"PALMA, PUERTO";"ILLES BALEARS";3;30,8;27,4;34,3;0;10,8
2023-07-13;"B228";"PALMA, PUERTO";"ILLES BALEARS";3;30;26,5;33,5;0;12,5
2023-07-14;"B228";"PALMA, PUERTO";"ILLES BALEARS";3;27,6;24,8;30,5;0;13,3
2023-07-15;"B228";"PALMA, PUERTO";"ILLES BALEARS";3;27,4;24,5;30,3;0;12,9
2023-07-16;"B228";"PALMA, PUERTO";"ILLES BALEARS";3;29,8;26,1;33,4;0;10,4
2023-07-17;"B228";"PALMA, PUERTO";"ILLES BALEARS";3;30;26,4;33,6;0;12,4
2023-07-18;"B228";"PALMA, PUERTO";"ILLES BALEARS";3;30,4;25,2;35,7;0;12,2
2023-07-19;"B228";"PALMA, PUERTO";"ILLES BALEARS";3;30,6;24,7;36,5;0;7,5
2023-07-20;"B228";"PALMA, PUERTO";"ILLES BALEARS";3;29,6;27,5;31,8;0;7,5
2023-07-21;"B228";"PALMA, PUERTO";"ILLES BALEARS";3;30,3;27;33,6;0;9,4
2023-07-22;"B228";"PALMA, PUERTO";"ILLES BALEARS";3;29,6;26,6;32,6;0;6,6
2023-07-23;"B228";"PALMA, PUERTO";"ILLES BALEARS";3;30;26,5;33,6;0;8
2023-07-24;"B228";"PALMA, PUERTO";"ILLES BALEARS";3;29,8;27,1;32,4;0,1;5,9
2023-07-25;"B228";"PALMA, PUERTO";"ILLES BALEARS";3;28,4;25,9;30,9;0;11,1
2023-07-26;"B228";"PALMA, PUERTO";"ILLES BALEARS";3;27,4;25,1;29,6;0;10,2
2023-07-27;"B228";"PALMA, PUERTO";"ILLES BALEARS";3;27,2;24,3;30,1;0;12
2023-07-28;"B228";"PALMA, PUERTO";"ILLES BALEARS";3;27,6;24,3;31;0;12,8
2023-07-29;"B228";"PALMA, PUERTO";"ILLES BALEARS";3;27,6;24,3;30,8;0;12,8
2023-07-30;"B228";"PALMA, PUERTO";"ILLES BALEARS";3;28;24,8;31,3;0;9,5
2023-07-31;"B228";"PALMA, PUERTO";"ILLES BALEARS";3;29,1;27,1;31,1;0;9,5
2023-08-01;"B228";"PALMA, PUERTO";"ILLES BALEARS";3;29;26,9;31,2;0;11,4
2023-08-02;"B228";"PALMA, PUERTO";"ILLES BALEARS";3;28,7;26,4;31;0;12,3
2023-08-03;"B228";"PALMA, PUERTO";"ILLES BALEARS";3;29;25,7;32,2;14,7;9,5
2023-08-04;"B228";"PALMA, PUERTO";"ILLES BALEARS";3;24,7;20,6;28,8;0;9,4
2023-08-05;"B228";"PALMA, PUERTO";"ILLES BALEARS";3;26,6;22,6;30,6;0;12
2023-08-06;"B228";"PALMA, PUERTO";"ILLES BALEARS";3;26,4;21,9;30,8;0;12,4
2023-08-07;"B228";"PALMA, PUERTO";"ILLES BALEARS";3;26,2;23;29,4;0;12,2
2023-08-08;"B228";"PALMA, PUERTO";"ILLES BALEARS";3;25,3;21,7;28,9;0;12
2023-08-09;"B228";"PALMA, PUERTO";"ILLES BALEARS";3;26,5;23,1;29,9;0;12,3
2023-08-10;"B228";"PALMA, PUERTO";"ILLES BALEARS";3;27,6;25,3;30;0;10,7
2023-08-11;"B228";"PALMA, PUERTO";"ILLES BALEARS";3;29,8;25,8;33,8;0;11,6
2023-08-12;"B228";"PALMA, PUERTO";"ILLES BALEARS";3;28,4;24,9;31,8;0;12
2023-08-13;"B228";"PALMA, PUERTO";"ILLES BALEARS";3;27,4;24,9;29,8;0;6,4
2023-08-14;"B228";"PALMA, PUERTO";"ILLES BALEARS";3;28,8;25;32,6;0;12
2023-08-15;"B228";"PALMA, PUERTO";"ILLES BALEARS";3;30,2;26,5;34;0;11,6
2023-08-16;"B228";"PALMA, PUERTO";"ILLES BALEARS";3;30,6;25,9;35,3;0;10,3
2023-08-17;"B228";"PALMA, PUERTO";"ILLES BALEARS";3;29,8;26,7;32,9;0;11,2
2023-08-18;"B228";"PALMA, PUERTO";"ILLES BALEARS";3;28,5;25,6;31,4;0;11,7
2023-08-19;"B228";"PALMA, PUERTO";"ILLES BALEARS";3;29;26,3;31,8;0;10,5
2023-08-20;"B228";"PALMA, PUERTO";"ILLES BALEARS";3;29,3;25,8;32,8;0;11,7
2023-08-21;"B228";"PALMA, PUERTO";"ILLES BALEARS";3;29,2;25,5;33;0;11,6
2023-08-22;"B228";"PALMA, PUERTO";"ILLES BALEARS";3;28,8;25,7;31,8;0;11,7
2023-08-23;"B228";"PALMA, PUERTO";"ILLES BALEARS";3;30,1;26,1;34,1;0;11,7
2023-08-24;"B228";"PALMA, PUERTO";"ILLES BALEARS";3;29,6;25,8;33,3;0;11,7
2023-08-25;"B228";"PALMA, PUERTO";"ILLES BALEARS";3;27,6;24,1;31,1;0;11,7
2023-08-26;"B228";"PALMA, PUERTO";"ILLES BALEARS";3;27,8;24,4;31,1;0,8;10,3
2023-08-27;"B228";"PALMA, PUERTO";"ILLES BALEARS";3;23;17,1;28,8;40,1;1,4
2023-08-28;"B228";"PALMA, PUERTO";"ILLES BALEARS";3;23,6;19,2;27,9;0;11,5
2023-08-29;"B228";"PALMA, PUERTO";"ILLES BALEARS";3;25,8;22;29,6;0;10
2023-08-30;"B228";"PALMA, PUERTO";"ILLES BALEARS";3;24,6;20,5;28,8;0;10,9
2023-08-31;"B228";"PALMA, PUERTO";"ILLES BALEARS";3;25,1;21,7;28,5;0;11,8
2023-09-01;"B228";"PALMA, PUERTO";"ILLES BALEARS";3;25,6;22,2;28,9;0;10,8
2023-09-02;"B228";"PALMA, PUERTO";"ILLES BALEARS";3;25,6;23,2;27,9;1,8;2,3
2023-09-03;"B228";"PALMA, PUERTO";"ILLES BALEARS";3;27,3;24,5;30,1;1,2;4,7
2023-09-04;"B228";"PALMA, PUERTO";"ILLES BALEARS";3;30,4;26,7;34,1;0;7,3
2023-09-05;"B228";"PALMA, PUERTO";"ILLES BALEARS";3;27,8;23,2;32,5;0;10,1
2023-09-06;"B228";"PALMA, PUERTO";"ILLES BALEARS";3;27,4;23,5;31,2;0;9,3
2023-09-07;"B228";"PALMA, PUERTO";"ILLES BALEARS";3;25,2;21,3;29;0;11,3
2023-09-08;"B228";"PALMA, PUERTO";"ILLES BALEARS";3;25,2;21,1;29,3;0;11,4
2023-09-09;"B228";"PALMA, PUERTO";"ILLES BALEARS";3;24,8;21,6;28;0;11
2023-09-10;"B228";"PALMA, PUERTO";"ILLES BALEARS";3;26;22,6;29,3;0;11
2023-09-11;"B228";"PALMA, PUERTO";"ILLES BALEARS";3;26,7;22,8;30,6;0,3;4,1
2023-09-12;"B228";"PALMA, PUERTO";"ILLES BALEARS";3;26,2;22,9;29,5;0;8,1
2023-09-13;"B228";"PALMA, PUERTO";"ILLES BALEARS";3;27,8;24,2;31,4;0,1;7,7
2023-09-14;"B228";"PALMA, PUERTO";"ILLES BALEARS";3;27,3;24;30,6;0,1;7,1
2023-09-15;"B228";"PALMA, PUERTO";"ILLES BALEARS";3;25,8;23,6;27,9;0;3
2023-09-16;"B228";"PALMA, PUERTO";"ILLES BALEARS";3;26,5;23,3;29,7;0;8
2023-09-17;"B228";"PALMA, PUERTO";"ILLES BALEARS";3;29,2;26,3;32,1;2,4;4,9
2023-09-18;"B228";"PALMA, PUERTO";"ILLES BALEARS";3;26,4;22,9;29,8;0;3,9
2023-09-19;"B228";"PALMA, PUERTO";"ILLES BALEARS";3;24,5;21,4;27,6;59,4;1,1
2023-09-20;"B228";"PALMA, PUERTO";"ILLES BALEARS";3;23,9;19,6;28,2;0;9,7
2023-09-21;"B228";"PALMA, PUERTO";"ILLES BALEARS";3;24,8;21,7;27,8;0;4,4
2023-09-22;"B228";"PALMA, PUERTO";"ILLES BALEARS";3;22,3;18,7;25,9;2,5;7,3
2023-09-23;"B228";"PALMA, PUERTO";"ILLES BALEARS";3;22,5;18,3;26,7;0;10,1
2023-09-24;"B228";"PALMA, PUERTO";"ILLES BALEARS";3;22,3;17,8;26,8;0;10,1
2023-09-25;"B228";"PALMA, PUERTO";"ILLES BALEARS";3;23,4;18,4;28,3;0;10
2023-09-26;"B228";"PALMA, PUERTO";"ILLES BALEARS";3;23,2;19,7;26,7;0;10,3
2023-09-27;"B228";"PALMA, PUERTO";"ILLES BALEARS";3;22,7;18,4;27;0;10
2023-09-28;"B228";"PALMA, PUERTO";"ILLES BALEARS";3;22,8;18,7;27;0;9,4
2023-09-29;"B228";"PALMA, PUERTO";"ILLES BALEARS";3;24;19,2;28,7;0;10,6
2023-09-30;"B228";"PALMA, PUERTO";"ILLES BALEARS";3;25,4;19,9;30,9;0;10
2023-10-01;"B228";"PALMA, PUERTO";"ILLES BALEARS";3;25;19,8;30,3;0;9,9
2023-10-02;"B228";"PALMA, PUERTO";"ILLES BALEARS";3;25,1;21,7;28,5;0;9,3
2023-10-03;"B228";"PALMA, PUERTO";"ILLES BALEARS";3;24,9;21,1;28,7;0;9,7
2023-10-04;"B228";"PALMA, PUERTO";"ILLES BALEARS";3;25,8;21,7;29,9;0;9,2
2023-10-05;"B228";"PALMA, PUERTO";"ILLES BALEARS";3;24,4;21,4;27,4;0;9,6
2023-10-06;"B228";"PALMA, PUERTO";"ILLES BALEARS";3;24;20,7;27,4;0;9,2
2023-10-07;"B228";"PALMA, PUERTO";"ILLES BALEARS";3;24,4;20,2;28,5;0;9,4
2023-10-08;"B228";"PALMA, PUERTO";"ILLES BALEARS";3;25;20,3;29,7;0;9,5
2023-10-09;"B228";"PALMA, PUERTO";"ILLES BALEARS";3;23,4;19,6;27,3;0;9,3
2023-10-10;"B228";"PALMA, PUERTO";"ILLES BALEARS";3;23,3;19,4;27,2;0;9,4
2023-10-11;"B228";"PALMA, PUERTO";"ILLES BALEARS";3;24;19,7;28,3;0;9,3
2023-10-12;"B228";"PALMA, PUERTO";"ILLES BALEARS";3;23,8;19,7;27,9;0;9,1
2023-10-13;"B228";"PALMA, PUERTO";"ILLES BALEARS";3;23,8;20,2;27,3;0;8,9
2023-10-14;"B228";"PALMA, PUERTO";"ILLES BALEARS";3;24,2;20,5;27,8;24,5;7,8
2023-10-15;"B228";"PALMA, PUERTO";"ILLES BALEARS";3;22,6;20;25,3;3,5;1
2023-10-16;"B228";"PALMA, PUERTO";"ILLES BALEARS";3;22,6;19,4;25,9;1,2;0
2023-10-17;"B228";"PALMA, PUERTO";"ILLES BALEARS";3;23,6;20;27,3;0;7,4
2023-10-18;"B228";"PALMA, PUERTO";"ILLES BALEARS";3;24,5;20,5;28,5;0;8,7
2023-10-19;"B228";"PALMA, PUERTO";"ILLES BALEARS";3;25,2;23,4;27;0,9;7,2
2023-10-20;"B228";"PALMA, PUERTO";"ILLES BALEARS";3;22,2;20,7;23,7;0;7,1
2023-10-21;"B228";"PALMA, PUERTO";"ILLES BALEARS";3;20;15,8;24,1;0;7,1
2023-10-22;"B228";"PALMA, PUERTO";"ILLES BALEARS";3;19,4;14,3;24,5;0;4,9
2023-10-23;"B228";"PALMA, PUERTO";"ILLES BALEARS";3;23,2;20,5;25,9;2,6;5,8
2023-10-24;"B228";"PALMA, PUERTO";"ILLES BALEARS";3;21,6;19,2;24;0,1;8
2023-10-25;"B228";"PALMA, PUERTO";"ILLES BALEARS";3;22,2;19,7;24,7;0;5,1
2023-10-26;"B228";"PALMA, PUERTO";"ILLES BALEARS";3;23,1;21,2;25;0;1,8
2023-10-27;"B228";"PALMA, PUERTO";"ILLES BALEARS";3;20,9;18,1;23,7;0;1,8
2023-10-28;"B228";"PALMA, PUERTO";"ILLES BALEARS";3;21,1;18,3;23,9;0;8,6
2023-10-29;"B228";"PALMA, PUERTO";"ILLES BALEARS";3;20,2;16,8;23,5;0;6,6
2023-10-30;"B228";"PALMA, PUERTO";"ILLES BALEARS";3;20,2;17,1;23,3;0,8;4,2
2023-10-31;"B228";"PALMA, PUERTO";"ILLES BALEARS";3;19,7;16,6;22,8;0;4,5
2023-11-01;"B228";"PALMA, PUERTO";"ILLES BALEARS";3;20,2;17,3;23,2;0;7,5
2023-11-02;"B228";"PALMA, PUERTO";"ILLES BALEARS";3;20,2;17,4;23,1;3,4;4,7
2023-11-03;"B228";"PALMA, PUERTO";"ILLES BALEARS";3;17,9;15,4;20,4;0,1;7,7
2023-11-04;"B228";"PALMA, PUERTO";"ILLES BALEARS";3;19,5;16,9;22,1;0;7,4
2023-11-05;"B228";"PALMA, PUERTO";"ILLES BALEARS";3;19,8;17,2;22,5;0;8
2023-11-06;"B228";"PALMA, PUERTO";"ILLES BALEARS";3;17,5;14,6;20,4;0;8,1
2023-11-07;"B228";"PALMA, PUERTO";"ILLES BALEARS";3;16,9;12,2;21,6;0;8,1
2023-11-08;"B228";"PALMA, PUERTO";"ILLES BALEARS";3;15,1;11,1;19,1;0;1,2
2023-11-09;"B228";"PALMA, PUERTO";"ILLES BALEARS";3;16,8;13,4;20,3;3,6;4,2
2023-11-10;"B228";"PALMA, PUERTO";"ILLES BALEARS";3;17,6;13,6;21,5;0;8,1
2023-11-11;"B228";"PALMA, PUERTO";"ILLES BALEARS";3;19,9;15,6;24,2;0;8,1
2023-11-12;"B228";"PALMA, PUERTO";"ILLES BALEARS";3;21,2;16,3;26;0;6,9
2023-11-13;"B228";"PALMA, PUERTO";"ILLES BALEARS";3;18,9;14,4;23,4;0;7
2023-11-14;"B228";"PALMA, PUERTO";"ILLES BALEARS";3;18,6;14,1;23,1;0;6
2023-11-15;"B228";"PALMA, PUERTO";"ILLES BALEARS";3;19,6;14,6;24,6;0;8,3
2023-11-16;"B228";"PALMA, PUERTO";"ILLES BALEARS";3;18,8;15,8;21,9;0;3,6
2023-11-17;"B228";"PALMA, PUERTO";"ILLES BALEARS";3;18,6;14,8;22,4;0;3,3
2023-11-18;"B228";"PALMA, PUERTO";"ILLES BALEARS";3;17;13,5;20,6;0;8,2
2023-11-19;"B228";"PALMA, PUERTO";"ILLES BALEARS";3;16,9;12,9;20,9;0;8,3
2023-11-20;"B228";"PALMA, PUERTO";"ILLES BALEARS";3;17,6;12,9;22,2;0;8,4
2023-11-21;"B228";"PALMA, PUERTO";"ILLES BALEARS";3;17,4;14,8;19,9;0,5;6,2
2023-11-22;"B228";"PALMA, PUERTO";"ILLES BALEARS";3;16,2;13,4;19;1,7;5,8
2023-11-23;"B228";"PALMA, PUERTO";"ILLES BALEARS";3;15,4;12,3;18,5;0;8,4
2023-11-24;"B228";"PALMA, PUERTO";"ILLES BALEARS";3;16,6;12,4;20,8;0;8,2
2023-11-25;"B228";"PALMA, PUERTO";"ILLES BALEARS";3;15,1;12,5;17,7;0;2
2023-11-26;"B228";"PALMA, PUERTO";"ILLES BALEARS";3;16;13,5;18,4;0;2,2
2023-11-27;"B228";"PALMA, PUERTO";"ILLES BALEARS";3;17,4;14;20,7;0;6,8
2023-11-28;"B228";"PALMA, PUERTO";"ILLES BALEARS";3;18,4;15,6;21,2;0;7,1
2023-11-29;"B228";"PALMA, PUERTO";"ILLES BALEARS";3;17,7;13,6;21,8;0;7,4
2023-11-30;"B228";"PALMA, PUERTO";"ILLES BALEARS";3;19,2;17,3;21,1;0;4,2
2023-12-01;"B228";"PALMA, PUERTO";"ILLES BALEARS";3;17,8;14,4;21,2;0,3;3,9
2023-12-02;"B228";"PALMA, PUERTO";"ILLES BALEARS";3;15,9;13,1;18,7;0;8,4
2023-12-03;"B228";"PALMA, PUERTO";"ILLES BALEARS";3;14,8;11;18,7;0;8,4
2023-12-04;"B228";"PALMA, PUERTO";"ILLES BALEARS";3;14,6;11,5;17,6;0;1,3
2023-12-05;"B228";"PALMA, PUERTO";"ILLES BALEARS";3;14,4;11,6;17,2;0;7,7
2023-12-06;"B228";"PALMA, PUERTO";"ILLES BALEARS";3;14;10,4;17,5;0;6,1
2023-12-07;"B228";"PALMA, PUERTO";"ILLES BALEARS";3;14,2;9,4;19;2,9;5,1
2023-12-08;"B228";"PALMA, PUERTO";"ILLES BALEARS";3;17,6;15,2;20;0,2;4,2
2023-12-09;"B228";"PALMA, PUERTO";"ILLES BALEARS";3;16,2;12,7;19,8;0;7,6
2023-12-10;"B228";"PALMA, PUERTO";"ILLES BALEARS";3;18,6;13,9;23,2;0;7,6
2023-12-11;"B228";"PALMA, PUERTO";"ILLES BALEARS";3;17,4;12,7;22,1;0;8,2
2023-12-12;"B228";"PALMA, PUERTO";"ILLES BALEARS";3;19,4;12,7;26;0;6,1
2023-12-13;"B228";"PALMA, PUERTO";"ILLES BALEARS";3;18,3;15,9;20,7;0;2,5
2023-12-14;"B228";"PALMA, PUERTO";"ILLES BALEARS";3;15,4;13,6;17,1;0;6,1
2023-12-15;"B228";"PALMA, PUERTO";"ILLES BALEARS";3;14,5;9,9;19,1;0;8,3
2023-12-16;"B228";"PALMA, PUERTO";"ILLES BALEARS";3;13,8;10,1;17,6;0;8,1
2023-12-17;"B228";"PALMA, PUERTO";"ILLES BALEARS";3;13,7;9,3;18,1;0;8
2023-12-18;"B228";"PALMA, PUERTO";"ILLES BALEARS";3;14,2;10,2;18,2;0;6,9
2023-12-19;"B228";"PALMA, PUERTO";"ILLES BALEARS";3;13,2;7,6;18,8;0;8,1
2023-12-20;"B228";"PALMA, PUERTO";"ILLES BALEARS";3;13,3;8,7;17,9;0;4,7
2023-12-21;"B228";"PALMA, PUERTO";"ILLES BALEARS";3;15,1;10,6;19,6;0;8,4
2023-12-22;"B228";"PALMA, PUERTO";"ILLES BALEARS";3;16,4;12,5;20,2;0;8,4
2023-12-23;"B228";"PALMA, PUERTO";"ILLES BALEARS";3;14,9;10,7;19,1;0;8,4
2023-12-24;"B228";"PALMA, PUERTO";"ILLES BALEARS";3;13,6;9;18,1;0;7,9
2023-12-25;"B228";"PALMA, PUERTO";"ILLES BALEARS";3;14,4;11,2;17,7;0;5,1
2023-12-26;"B228";"PALMA, PUERTO";"ILLES BALEARS";3;13,7;9,5;17,9;0;7,7
2023-12-27;"B228";"PALMA, PUERTO";"ILLES BALEARS";3;12,6;8,4;16,9;0;8
2023-12-28;"B228";"PALMA, PUERTO";"ILLES BALEARS";3;14,6;10,6;18,5;0;3,8
2023-12-29;"B228";"PALMA, PUERTO";"ILLES BALEARS";3;15,6;13,2;17,9;0;0,9
2023-12-30;"B228";"PALMA, PUERTO";"ILLES BALEARS";3;14,5;10,6;18,4;0;3,7
2023-12-31;"B228";"PALMA, PUERTO";"ILLES BALEARS";3;13,8;9,1;18,4;0;2,7
2024-01-01;"B228";"PALMA, PUERTO";"ILLES BALEARS";3;12,9;9,3;16,5;0;1,3
2024-01-02;"B228";"PALMA, PUERTO";"ILLES BALEARS";3;13,4;8,4;18,3;0;4,7
2024-01-03;"B228";"PALMA, PUERTO";"ILLES BALEARS";3;17,4;13,2;21,5;0;7,4
2024-01-04;"B228";"PALMA, PUERTO";"ILLES BALEARS";3;15,6;12,1;19,2;1,6;1,8
2024-01-05;"B228";"PALMA, PUERTO";"ILLES BALEARS";3;14;10,1;17,8;26,8;6,2
2024-01-06;"B228";"PALMA, PUERTO";"ILLES BALEARS";3;12,4;10,1;14,8;0;8,1
2024-01-07;"B228";"PALMA, PUERTO";"ILLES BALEARS";3;13,2;11,3;15,1;0;8,2
2024-01-08;"B228";"PALMA, PUERTO";"ILLES BALEARS";3;12,2;9,6;14,7;0;8,1
2024-01-09;"B228";"PALMA, PUERTO";"ILLES BALEARS";3;11,9;8,2;15,6;0,6;5,1
2024-01-10;"B228";"PALMA, PUERTO";"ILLES BALEARS";3;13;10,8;15,2;22,3;0,7
2024-01-11;"B228";"PALMA, PUERTO";"ILLES BALEARS";3;11,4;9,7;13,1;5,3;0,3
2024-01-12;"B228";"PALMA, PUERTO";"ILLES BALEARS";3;11,2;7,4;15,1;0;7,2
2024-01-13;"B228";"PALMA, PUERTO";"ILLES BALEARS";3;11,4;6,4;16,5;0;5,7
2024-01-14;"B228";"PALMA, PUERTO";"ILLES BALEARS";3;16,2;11,2;21,2;0;4,7
2024-01-15;"B228";"PALMA, PUERTO";"ILLES BALEARS";3;15,8;12,6;19,1;0;0,2
2024-01-16;"B228";"PALMA, PUERTO";"ILLES BALEARS";3;17,4;12,1;22,6;0,1;4,6
2024-01-17;"B228";"PALMA, PUERTO";"ILLES BALEARS";3;17,5;15,4;19,6;0;3,3
2024-01-18;"B228";"PALMA, PUERTO";"ILLES BALEARS";3;18,6;16,2;21,1;0;7,7
2024-01-19;"B228";"PALMA, PUERTO";"ILLES BALEARS";3;13,3;9,5;17,1;32,3;0
2024-01-20;"B228";"PALMA, PUERTO";"ILLES BALEARS";3;11,8;8,3;15,3;0;6
2024-01-21;"B228";"PALMA, PUERTO";"ILLES BALEARS";3;11,4;6,3;16,4;0;4,6
2024-01-22;"B228";"PALMA, PUERTO";"ILLES BALEARS";3;11,6;6,7;16,5;0;6,6
2024-01-23;"B228";"PALMA, PUERTO";"ILLES BALEARS";3;14,4;10;18,9;0;8,1
2024-01-24;"B228";"PALMA, PUERTO";"ILLES BALEARS";3;16;10,1;21,8;0;8,2
2024-01-25;"B228";"PALMA, PUERTO";"ILLES BALEARS";3;14,7;9,7;19,7;0;7,3
2024-01-26;"B228";"PALMA, PUERTO";"ILLES BALEARS";3;16,2;10,1;22,3;0;7,3
2024-01-27;"B228";"PALMA, PUERTO";"ILLES BALEARS";3;15,9;10,2;21,6;0;8
2024-01-28;"B228";"PALMA, PUERTO";"ILLES BALEARS";3;16,5;11,2;21,8;0;8
2024-01-29;"B228";"PALMA, PUERTO";"ILLES BALEARS";3;16,4;13,6;19,1;0;5
2024-01-30;"B228";"PALMA, PUERTO";"ILLES BALEARS";3;16;12,5;19,4;0;6,1
2024-01-31;"B228";"PALMA, PUERTO";"ILLES BALEARS";3;14,3;10,9;17,7;0;4,7
2024-02-01;"B228";"PALMA, PUERTO";"ILLES BALEARS";3;13,2;8,2;18,3;0;7,9
2024-02-02;"B228";"PALMA, PUERTO";"ILLES BALEARS";3;14,4;9,2;19,7;0;8
2024-02-03;"B228";"PALMA, PUERTO";"ILLES BALEARS";3;13,4;8,6;18,2;0;7,9
2024-02-04;"B228";"PALMA, PUERTO";"ILLES BALEARS";3;13,8;9,6;17,9;0;8
2024-02-05;"B228";"PALMA, PUERTO";"ILLES BALEARS";3;12,9;8,1;17,7;0;7,8
2024-02-06;"B228";"PALMA, PUERTO";"ILLES BALEARS";3;13,6;9,7;17,6;0;2,2
2024-02-07;"B228";"PALMA, PUERTO";"ILLES BALEARS";3;15,2;9,7;20,8;0;8
2024-02-08;"B228";"PALMA, PUERTO";"ILLES BALEARS";3;14,8;10,9;18,7;0;7,1
2024-02-09;"B228";"PALMA, PUERTO";"ILLES BALEARS";3;15;13,2;16,7;5,9;0
2024-02-10;"B228";"PALMA, PUERTO";"ILLES BALEARS";3;16,5;14;19;0;5,9
2024-02-11;"B228";"PALMA, PUERTO";"ILLES BALEARS";3;13,8;10,5;17;0;6,1
2024-02-12;"B228";"PALMA, PUERTO";"ILLES BALEARS";3;16,4;11,1;21,7;0;8,3
2024-02-13;"B228";"PALMA, PUERTO";"ILLES BALEARS";3;14,8;11,4;18,1;0;8,5
2024-02-14;"B228";"PALMA, PUERTO";"ILLES BALEARS";3;14,4;10,3;18,5;0;6,6
2024-02-15;"B228";"PALMA, PUERTO";"ILLES BALEARS";3;17,8;13,1;22,6;0;4,3
2024-02-16;"B228";"PALMA, PUERTO";"ILLES BALEARS";3;15,6;12,8;18,5;0,6;2,5
2024-02-17;"B228";"PALMA, PUERTO";"ILLES BALEARS";3;16,3;13,4;19,2;0;4,6
2024-02-18;"B228";"PALMA, PUERTO";"ILLES BALEARS";3;14,6;10,4;18,8;0;8,9
2024-02-19;"B228";"PALMA, PUERTO";"ILLES BALEARS";3;14;10,8;17,3;0;2,9
2024-02-20;"B228";"PALMA, PUERTO";"ILLES BALEARS";3;14,1;10;18,2;0;7,4
2024-02-21;"B228";"PALMA, PUERTO";"ILLES BALEARS";3;13;8,3;17,7;0;7,9
2024-02-22;"B228";"PALMA, PUERTO";"ILLES BALEARS";3;17,2;15,5;18,8;0;3,8
2024-02-23;"B228";"PALMA, PUERTO";"ILLES BALEARS";3;16;13,6;18,4;0;8,7
2024-02-24;"B228";"PALMA, PUERTO";"ILLES BALEARS";3;13,2;11,2;15,1;1,1;3,3
2024-02-25;"B228";"PALMA, PUERTO";"ILLES BALEARS";3;NA;NA;17,2;0;2,3
2024-02-26;"B228";"PALMA, PUERTO";"ILLES BALEARS";3;15,2;11,9;18,6;4,9;1,8
2024-02-27;"B228";"PALMA, PUERTO";"ILLES BALEARS";3;13,3;10,8;15,8;13;2,1
2024-02-28;"B228";"PALMA, PUERTO";"ILLES BALEARS";3;12,1;9,8;14,4;0,9;1,3
2024-02-29;"B228";"PALMA, PUERTO";"ILLES BALEARS";3;14,6;11,1;18,2;24,6;8,2
2024-03-01;"B228";"PALMA, PUERTO";"ILLES BALEARS";3;13,4;9,3;17,5;0;9
2024-03-02;"B228";"PALMA, PUERTO";"ILLES BALEARS";3;14,2;10,6;17,8;4,9;7,8
2024-03-03;"B228";"PALMA, PUERTO";"ILLES BALEARS";3;13,9;10,6;17,2;0,1;9,1
2024-03-04;"B228";"PALMA, PUERTO";"ILLES BALEARS";3;16;12,9;19,1;0;7,6
2024-03-05;"B228";"PALMA, PUERTO";"ILLES BALEARS";3;15,4;11,1;19,7;0;9,2
2024-03-06;"B228";"PALMA, PUERTO";"ILLES BALEARS";3;14;8,9;19,1;0;9,3
2024-03-07;"B228";"PALMA, PUERTO";"ILLES BALEARS";3;16;11,7;20,2;4;8,1
2024-03-08;"B228";"PALMA, PUERTO";"ILLES BALEARS";3;15,7;12,5;18,9;1,1;7,5
2024-03-09;"B228";"PALMA, PUERTO";"ILLES BALEARS";3;13,4;11,1;15,7;17,4;0
2024-03-10;"B228";"PALMA, PUERTO";"ILLES BALEARS";3;14,7;11,3;18,1;0;8,6
2024-03-11;"B228";"PALMA, PUERTO";"ILLES BALEARS";3;15,6;12,4;18,7;0;8,6
2024-03-12;"B228";"PALMA, PUERTO";"ILLES BALEARS";3;13,6;9,9;17,4;0;9,7
2024-03-13;"B228";"PALMA, PUERTO";"ILLES BALEARS";3;12,8;8,3;17,2;0;6,8
2024-03-14;"B228";"PALMA, PUERTO";"ILLES BALEARS";3;13,7;9,8;17,6;0;9,3
2024-03-15;"B228";"PALMA, PUERTO";"ILLES BALEARS";3;16,3;12,7;19,9;0;9,5
2024-03-16;"B228";"PALMA, PUERTO";"ILLES BALEARS";3;15,4;12,1;18,7;0;NA
2024-03-17;"B228";"PALMA, PUERTO";"ILLES BALEARS";3;14,9;12,7;17,1;0;5,9
2024-03-18;"B228";"PALMA, PUERTO";"ILLES BALEARS";3;17,2;11,3;23;0;7,7
2024-03-19;"B228";"PALMA, PUERTO";"ILLES BALEARS";3;16,4;12,1;20,6;0;6,7
2024-03-20;"B228";"PALMA, PUERTO";"ILLES BALEARS";3;18,8;14,4;23,2;0;7,2
2024-03-21;"B228";"PALMA, PUERTO";"ILLES BALEARS";3;19,2;14,5;23,8;0;7,3
2024-03-22;"B228";"PALMA, PUERTO";"ILLES BALEARS";3;19,6;13,4;25,7;0;9,3
2024-03-23;"B228";"PALMA, PUERTO";"ILLES BALEARS";3;18,4;13,8;22,9;0;8,2
2024-03-24;"B228";"PALMA, PUERTO";"ILLES BALEARS";3;16,2;13,8;18,7;0,3;1,4
2024-03-25;"B228";"PALMA, PUERTO";"ILLES BALEARS";3;15,8;13,2;18,4;3,4;2,2
2024-03-26;"B228";"PALMA, PUERTO";"ILLES BALEARS";3;14,8;11,5;18;2,7;2,1
2024-03-27;"B228";"PALMA, PUERTO";"ILLES BALEARS";3;14,1;9,8;18,4;0,5;9,5
2024-03-28;"B228";"PALMA, PUERTO";"ILLES BALEARS";3;18,6;16,1;21;0;8,5
2024-03-29;"B228";"PALMA, PUERTO";"ILLES BALEARS";3;18,4;15,2;21,7;0;7,2
2024-03-30;"B228";"PALMA, PUERTO";"ILLES BALEARS";3;16,2;14;18,3;1,5;4,9
2024-03-31;"B228";"PALMA, PUERTO";"ILLES BALEARS";3;16,8;14,4;19,2;0,9;2,8
2024-04-01;"B228";"PALMA, PUERTO";"ILLES BALEARS";3;16;13,3;18,8;0;10,9
2024-04-02;"B228";"PALMA, PUERTO";"ILLES BALEARS";3;16;12,7;19,4;0;8,2
2024-04-03;"B228";"PALMA, PUERTO";"ILLES BALEARS";3;17,2;12,1;22,3;0;10,8
2024-04-04;"B228";"PALMA, PUERTO";"ILLES BALEARS";3;16;12,1;19,9;0;8,6
2024-04-05;"B228";"PALMA, PUERTO";"ILLES BALEARS";3;19;13,8;24,3;0;9,8
2024-04-06;"B228";"PALMA, PUERTO";"ILLES BALEARS";3;22,2;15,4;28,9;0;9,6
2024-04-07;"B228";"PALMA, PUERTO";"ILLES BALEARS";3;23,9;19,8;28;0;NA
2024-04-08;"B228";"PALMA, PUERTO";"ILLES BALEARS";3;21,3;17,7;24,9;0;5,8
2024-04-09;"B228";"PALMA, PUERTO";"ILLES BALEARS";3;16,8;13,7;20;0;10,9
2024-04-10;"B228";"PALMA, PUERTO";"ILLES BALEARS";3;17;12,8;21,1;0;11,4
2024-04-11;"B228";"PALMA, PUERTO";"ILLES BALEARS";3;15,6;11,8;19,5;0;11,7
2024-04-12;"B228";"PALMA, PUERTO";"ILLES BALEARS";3;17,2;11,6;22,9;0;9,3
2024-04-13;"B228";"PALMA, PUERTO";"ILLES BALEARS";3;18,4;12,3;24,4;0;11,5
2024-04-14;"B228";"PALMA, PUERTO";"ILLES BALEARS";3;21;14;28;0;11,4
2024-04-15;"B228";"PALMA, PUERTO";"ILLES BALEARS";3;19,6;15,5;23,6;0;8,3
2024-04-16;"B228";"PALMA, PUERTO";"ILLES BALEARS";3;17,8;14,6;21;0;11,1
2024-04-17;"B228";"PALMA, PUERTO";"ILLES BALEARS";3;16,6;14,1;19,2;0;11,1
2024-04-18;"B228";"PALMA, PUERTO";"ILLES BALEARS";3;16,7;13,6;19,8;2,7;4,7
2024-04-19;"B228";"PALMA, PUERTO";"ILLES BALEARS";3;15,8;11,5;20,1;0,1;11,5
2024-04-20;"B228";"PALMA, PUERTO";"ILLES BALEARS";3;14,8;10,2;19,3;0;11,4
2024-04-21;"B228";"PALMA, PUERTO";"ILLES BALEARS";3;16,4;12,5;20,2;0;11,8
2024-04-22;"B228";"PALMA, PUERTO";"ILLES BALEARS";3;12,6;9,7;15,4;3,4;0
2024-04-23;"B228";"PALMA, PUERTO";"ILLES BALEARS";3;12,6;9,5;15,6;6,2;7,9
2024-04-24;"B228";"PALMA, PUERTO";"ILLES BALEARS";3;13,7;8,5;18,9;0;11,3
2024-04-25;"B228";"PALMA, PUERTO";"ILLES BALEARS";3;15,4;11,8;19,1;0;7,7
2024-04-26;"B228";"PALMA, PUERTO";"ILLES BALEARS";3;17,2;14,5;19,9;0;8,6
2024-04-27;"B228";"PALMA, PUERTO";"ILLES BALEARS";3;18,6;16,5;20,8;4,9;1,7
2024-04-28;"B228";"PALMA, PUERTO";"ILLES BALEARS";3;18,4;15,8;21;14,2;0,7
2024-04-29;"B228";"PALMA, PUERTO";"ILLES BALEARS";3;17,5;15,1;19,9;1,6;1,3
2024-04-30;"B228";"PALMA, PUERTO";"ILLES BALEARS";3;18,2;15;21,5;0;8
2024-05-01;"B228";"PALMA, PUERTO";"ILLES BALEARS";3;18;14,6;21,4;0,2;8,6
2024-05-02;"B228";"PALMA, PUERTO";"ILLES BALEARS";3;17;13,3;20,7;0;11,9
2024-05-03;"B228";"PALMA, PUERTO";"ILLES BALEARS";3;18,2;13,1;23,3;0;11,5
2024-05-04;"B228";"PALMA, PUERTO";"ILLES BALEARS";3;17,3;13,6;21;0;12,1
2024-05-05;"B228";"PALMA, PUERTO";"ILLES BALEARS";3;17,6;13,8;21,3;0;9,9
2024-05-06;"B228";"PALMA, PUERTO";"ILLES BALEARS";3;21;15,6;26,4;0,1;4
2024-05-07;"B228";"PALMA, PUERTO";"ILLES BALEARS";3;19,6;16,2;22,9;1,6;12,4
2024-05-08;"B228";"PALMA, PUERTO";"ILLES BALEARS";3;19,5;15,2;23,8;0;11,9
2024-05-09;"B228";"PALMA, PUERTO";"ILLES BALEARS";3;21,3;15,7;26,9;0;12,4
2024-05-10;"B228";"PALMA, PUERTO";"ILLES BALEARS";3;20;14,4;25,5;0;12,5
2024-05-11;"B228";"PALMA, PUERTO";"ILLES BALEARS";3;20;15,4;24,6;0;13
2024-05-12;"B228";"PALMA, PUERTO";"ILLES BALEARS";3;21,6;17,1;26,2;0;10,1
2024-05-13;"B228";"PALMA, PUERTO";"ILLES BALEARS";3;22,1;17,5;26,7;0;11,1
2024-05-14;"B228";"PALMA, PUERTO";"ILLES BALEARS";3;20,8;18,7;22,9;1,4;5,2
2024-05-15;"B228";"PALMA, PUERTO";"ILLES BALEARS";3;20,2;17;23,4;0,1;8,5
2024-05-16;"B228";"PALMA, PUERTO";"ILLES BALEARS";3;19,6;15,6;23,5;0;11,7
2024-05-17;"B228";"PALMA, PUERTO";"ILLES BALEARS";3;19,3;16,1;22,5;0;12,5
2024-05-18;"B228";"PALMA, PUERTO";"ILLES BALEARS";3;20;16,8;23,1;0;11,4
2024-05-19;"B228";"PALMA, PUERTO";"ILLES BALEARS";3;20,6;17;24,1;0;NA
2024-05-20;"B228";"PALMA, PUERTO";"ILLES BALEARS";3;20,6;18,2;23;6,2;4
2024-05-21;"B228";"PALMA, PUERTO";"ILLES BALEARS";3;20,4;16,7;24;0,1;10,8
2024-05-22;"B228";"PALMA, PUERTO";"ILLES BALEARS";3;21,6;18,1;25;0;11,9
2024-05-23;"B228";"PALMA, PUERTO";"ILLES BALEARS";3;21,3;17,9;24,7;0;10,4
2024-05-24;"B228";"PALMA, PUERTO";"ILLES BALEARS";3;22,6;18,1;27,1;0;12
2024-05-25;"B228";"PALMA, PUERTO";"ILLES BALEARS";3;21,8;18,2;25,5;0;11,6
2024-05-26;"B228";"PALMA, PUERTO";"ILLES BALEARS";3;21,3;18,3;24,3;0;12,9
2024-05-27;"B228";"PALMA, PUERTO";"ILLES BALEARS";3;24,8;20,7;28,8;0,1;10,3
2024-05-28;"B228";"PALMA, PUERTO";"ILLES BALEARS";3;23,6;19,8;27,4;0;12,6
2024-05-29;"B228";"PALMA, PUERTO";"ILLES BALEARS";3;21,5;17,7;25,3;0;12,2
2024-05-30;"B228";"PALMA, PUERTO";"ILLES BALEARS";3;21,8;17,8;25,7;2,2;12,6
2024-05-31;"B228";"PALMA, PUERTO";"ILLES BALEARS";3;21,4;17,6;25,2;0;10,6
2024-06-01;"B228";"PALMA, PUERTO";"ILLES BALEARS";3;21,6;17;26,3;0;3,9
2024-06-02;"B228";"PALMA, PUERTO";"ILLES BALEARS";3;21,1;17;25,2;0;13,5
2024-06-03;"B228";"PALMA, PUERTO";"ILLES BALEARS";3;21,6;17,6;25,5;0;13,4
2024-06-04;"B228";"PALMA, PUERTO";"ILLES BALEARS";3;21,4;17,8;24,9;0;12,5
2024-06-05;"B228";"PALMA, PUERTO";"ILLES BALEARS";3;21,7;18,5;24,9;0;13,4
2024-06-06;"B228";"PALMA, PUERTO";"ILLES BALEARS";3;24,8;20,2;29,5;0;13
2024-06-07;"B228";"PALMA, PUERTO";"ILLES BALEARS";3;26,8;21,7;31,9;0;7,8
2024-06-08;"B228";"PALMA, PUERTO";"ILLES BALEARS";3;24,8;22,1;27,5;0;2,2
2024-06-09;"B228";"PALMA, PUERTO";"ILLES BALEARS";3;25,2;21,8;28,7;0;13,5
2024-06-10;"B228";"PALMA, PUERTO";"ILLES BALEARS";3;23,4;20,5;26,3;0;11,2
2024-06-11;"B228";"PALMA, PUERTO";"ILLES BALEARS";3;22,6;20;25,3;9,2;1
2024-06-12;"B228";"PALMA, PUERTO";"ILLES BALEARS";3;21,8;18,4;25,3;15,6;2,9
2024-06-13;"B228";"PALMA, PUERTO";"ILLES BALEARS";3;20,9;17,4;24,4;0;12,8
2024-06-14;"B228";"PALMA, PUERTO";"ILLES BALEARS";3;23;20,1;26;0;12,8
2024-06-15;"B228";"PALMA, PUERTO";"ILLES BALEARS";3;24,6;20,9;28,4;0;10,7
2024-06-16;"B228";"PALMA, PUERTO";"ILLES BALEARS";3;24,1;21,1;27,1;0;10,3
2024-06-17;"B228";"PALMA, PUERTO";"ILLES BALEARS";3;24,6;21,4;27,9;0;12,9
2024-06-18;"B228";"PALMA, PUERTO";"ILLES BALEARS";3;26,8;22,8;30,8;0;12,8
2024-06-19;"B228";"PALMA, PUERTO";"ILLES BALEARS";3;24,7;23;26,4;0,2;0
2024-06-20;"B228";"PALMA, PUERTO";"ILLES BALEARS";3;24,4;22,5;26,2;0;0
2024-06-21;"B228";"PALMA, PUERTO";"ILLES BALEARS";3;25,2;20,1;30,2;0;13,6
2024-06-22;"B228";"PALMA, PUERTO";"ILLES BALEARS";3;24,2;19,9;28,5;0;11,9
2024-06-23;"B228";"PALMA, PUERTO";"ILLES BALEARS";3;22,7;20,5;24,9;0,3;1,1
2024-06-24;"B228";"PALMA, PUERTO";"ILLES BALEARS";3;24,3;21,3;27,3;0;7,2
2024-06-25;"B228";"PALMA, PUERTO";"ILLES BALEARS";3;24,5;21,1;27,9;0;12,7
2024-06-26;"B228";"PALMA, PUERTO";"ILLES BALEARS";3;25,9;21,8;30;0;10,6
2024-06-27;"B228";"PALMA, PUERTO";"ILLES BALEARS";3;28,6;23,5;33,7;0;8,7
2024-06-28;"B228";"PALMA, PUERTO";"ILLES BALEARS";3;27,4;23,9;31;0;10,8
2024-06-29;"B228";"PALMA, PUERTO";"ILLES BALEARS";3;26,2;23,7;28,6;0;12,2
2024-06-30;"B228";"PALMA, PUERTO";"ILLES BALEARS";3;25,3;22,8;27,8;0;12,9
2024-07-01;"B228";"PALMA, PUERTO";"ILLES BALEARS";3;25,1;22,3;27,9;0,6;8,6
2024-07-02;"B228";"PALMA, PUERTO";"ILLES BALEARS";3;25,6;22,1;29,2;0;12,6
2024-07-03;"B228";"PALMA, PUERTO";"ILLES BALEARS";3;25,8;22,1;29,5;0;12,4
2024-07-04;"B228";"PALMA, PUERTO";"ILLES BALEARS";3;25;21,7;28,4;0;13,1
2024-07-05;"B228";"PALMA, PUERTO";"ILLES BALEARS";3;26;22,4;29,6;0;12,8
2024-07-06;"B228";"PALMA, PUERTO";"ILLES BALEARS";3;26,4;23,6;29,3;0,1;5,4
2024-07-07;"B228";"PALMA, PUERTO";"ILLES BALEARS";3;26,8;23,4;30,2;0;12,6
2024-07-08;"B228";"PALMA, PUERTO";"ILLES BALEARS";3;25,7;22,3;29,1;0;12,9
2024-07-09;"B228";"PALMA, PUERTO";"ILLES BALEARS";3;26,2;22,7;29,8;0;11,4
2024-07-10;"B228";"PALMA, PUERTO";"ILLES BALEARS";3;26;23,1;28,8;0;12,7
2024-07-11;"B228";"PALMA, PUERTO";"ILLES BALEARS";3;26,2;23,4;29;0;12,9
2024-07-12;"B228";"PALMA, PUERTO";"ILLES BALEARS";3;27;25;29,1;0;13
2024-07-13;"B228";"PALMA, PUERTO";"ILLES BALEARS";3;27,8;24,4;31,2;0;12,9
2024-07-14;"B228";"PALMA, PUERTO";"ILLES BALEARS";3;26;23,3;28,8;0;12,3
2024-07-15;"B228";"PALMA, PUERTO";"ILLES BALEARS";3;27,2;25,2;29,2;0;11,4
2024-07-16;"B228";"PALMA, PUERTO";"ILLES BALEARS";3;26,8;24;29,5;0;13
2024-07-17;"B228";"PALMA, PUERTO";"ILLES BALEARS";3;29,4;25,5;33,3;0;12,7
2024-07-18;"B228";"PALMA, PUERTO";"ILLES BALEARS";3;26,9;23,4;30,4;0;11,6
2024-07-19;"B228";"PALMA, PUERTO";"ILLES BALEARS";3;28,8;25,1;32,6;0;9,9
2024-07-20;"B228";"PALMA, PUERTO";"ILLES BALEARS";3;27,2;24,3;30,1;0;11,5
2024-07-21;"B228";"PALMA, PUERTO";"ILLES BALEARS";3;28,2;24,3;32,2;0;11,8
2024-07-22;"B228";"PALMA, PUERTO";"ILLES BALEARS";3;26,3;22,5;30,1;0;12,8
2024-07-23;"B228";"PALMA, PUERTO";"ILLES BALEARS";3;27;23,2;30,8;0;10,9
2024-07-24;"B228";"PALMA, PUERTO";"ILLES BALEARS";3;27;22,5;31,5;0;12,6
2024-07-25;"B228";"PALMA, PUERTO";"ILLES BALEARS";3;27,8;23,9;31,6;0;12,4
2024-07-26;"B228";"PALMA, PUERTO";"ILLES BALEARS";3;28;23,8;32,2;0;12
2024-07-27;"B228";"PALMA, PUERTO";"ILLES BALEARS";3;28,8;24,8;32,9;0;10,5
2024-07-28;"B228";"PALMA, PUERTO";"ILLES BALEARS";3;31,4;25,5;37,3;0;10
2024-07-29;"B228";"PALMA, PUERTO";"ILLES BALEARS";3;30,6;26;35,3;0;11,6
2024-07-30;"B228";"PALMA, PUERTO";"ILLES BALEARS";3;30,3;25,8;34,8;0;11,4
2024-07-31;"B228";"PALMA, PUERTO";"ILLES BALEARS";3;31,4;25,6;37,3;0;12,5
2024-08-01;"B228";"PALMA, PUERTO";"ILLES BALEARS";3;29,8;25,3;34,2;0;12,3
2024-08-02;"B228";"PALMA, PUERTO";"ILLES BALEARS";3;28,6;25,7;31,6;0;10,9
2024-08-03;"B228";"PALMA, PUERTO";"ILLES BALEARS";3;30;26,8;33,3;0;12,1
2024-08-04;"B228";"PALMA, PUERTO";"ILLES BALEARS";3;28,2;25;31,4;0;12,3
2024-08-05;"B228";"PALMA, PUERTO";"ILLES BALEARS";3;28,1;25,1;31,1;0;11,9
2024-08-06;"B228";"PALMA, PUERTO";"ILLES BALEARS";3;28;24,8;31,2;0;11,3
2024-08-07;"B228";"PALMA, PUERTO";"ILLES BALEARS";3;30,8;24,5;37,2;0;11,5
2024-08-08;"B228";"PALMA, PUERTO";"ILLES BALEARS";3;31;25;36,9;0;11,8
2024-08-09;"B228";"PALMA, PUERTO";"ILLES BALEARS";3;30,4;24,7;36,1;0;12,1
2024-08-10;"B228";"PALMA, PUERTO";"ILLES BALEARS";3;31,1;25,5;36,7;0;11,9
2024-08-11;"B228";"PALMA, PUERTO";"ILLES BALEARS";3;30,4;26,3;34,4;0;11,2
2024-08-12;"B228";"PALMA, PUERTO";"ILLES BALEARS";3;29;25,8;32,2;0;11,6
2024-08-13;"B228";"PALMA, PUERTO";"ILLES BALEARS";3;28,7;26,2;31,2;0;11
2024-08-14;"B228";"PALMA, PUERTO";"ILLES BALEARS";3;26,8;22,6;30,9;1,3;3,4
2024-08-15;"B228";"PALMA, PUERTO";"ILLES BALEARS";3;24,9;22,8;27;6,4;0,1
2024-08-16;"B228";"PALMA, PUERTO";"ILLES BALEARS";3;26,2;22,9;29,5;0;8,2
2024-08-17;"B228";"PALMA, PUERTO";"ILLES BALEARS";3;29,2;25,5;32,8;1,3;10,5
2024-08-18;"B228";"PALMA, PUERTO";"ILLES BALEARS";3;27,1;24,3;29,9;0;3,2
2024-08-19;"B228";"PALMA, PUERTO";"ILLES BALEARS";3;27,4;25,4;29,4;0;9,2
2024-08-20;"B228";"PALMA, PUERTO";"ILLES BALEARS";3;26,6;22,4;30,9;0;11,2
2024-08-21;"B228";"PALMA, PUERTO";"ILLES BALEARS";3;26,7;23,4;30;0;11,5
2024-08-22;"B228";"PALMA, PUERTO";"ILLES BALEARS";3;26,8;23,6;30,1;0;10,9
2024-08-23;"B228";"PALMA, PUERTO";"ILLES BALEARS";3;27,2;24;30,4;0;11,6
2024-08-24;"B228";"PALMA, PUERTO";"ILLES BALEARS";3;28,1;24,4;31,8;0;11,7
2024-08-25;"B228";"PALMA, PUERTO";"ILLES BALEARS";3;28,8;25,1;32,5;0;10,3
2024-08-26;"B228";"PALMA, PUERTO";"ILLES BALEARS";3;28,5;25,1;31,9;0;10,7
2024-08-27;"B228";"PALMA, PUERTO";"ILLES BALEARS";3;27;23,9;30,1;0;11,5
2024-08-28;"B228";"PALMA, PUERTO";"ILLES BALEARS";3;26,6;23;30,3;0;11,6
2024-08-29;"B228";"PALMA, PUERTO";"ILLES BALEARS";3;27,8;23,9;31,8;0;9,7
2024-08-30;"B228";"PALMA, PUERTO";"ILLES BALEARS";3;29;24,6;33,3;0;8,5
2024-08-31;"B228";"PALMA, PUERTO";"ILLES BALEARS";3;29;25,2;32,7;0;9,4
2024-09-01;"B228";"PALMA, PUERTO";"ILLES BALEARS";3;29,1;25,4;32,8;0;4,1
2024-09-02;"B228";"PALMA, PUERTO";"ILLES BALEARS";3;28,3;25,1;31,5;0;8,4
2024-09-03;"B228";"PALMA, PUERTO";"ILLES BALEARS";3;26,2;22,2;30,2;0,9;6,4
2024-09-04;"B228";"PALMA, PUERTO";"ILLES BALEARS";3;25,8;22,1;29,4;0,3;6,9
2024-09-05;"B228";"PALMA, PUERTO";"ILLES BALEARS";3;25;22,1;27,9;0;10,7
2024-09-06;"B228";"PALMA, PUERTO";"ILLES BALEARS";3;26,8;22,9;30,6;0;10,8
2024-09-07;"B228";"PALMA, PUERTO";"ILLES BALEARS";3;27;24,2;29,9;1,4;7,8
2024-09-08;"B228";"PALMA, PUERTO";"ILLES BALEARS";3;25,5;23;28;2,5;4,6
2024-09-09;"B228";"PALMA, PUERTO";"ILLES BALEARS";3;25,7;22;29,4;0;10,5
2024-09-10;"B228";"PALMA, PUERTO";"ILLES BALEARS";3;26,6;21,7;31,4;0;11
2024-09-11;"B228";"PALMA, PUERTO";"ILLES BALEARS";3;24,8;20,5;29;0;10,8
2024-09-12;"B228";"PALMA, PUERTO";"ILLES BALEARS";3;25;20,6;29,5;0,4;6,5
2024-09-13;"B228";"PALMA, PUERTO";"ILLES BALEARS";3;20,4;18,9;21,8;0;0,7
2024-09-14;"B228";"PALMA, PUERTO";"ILLES BALEARS";3;21,4;16,5;26,2;0;9,1
2024-09-15;"B228";"PALMA, PUERTO";"ILLES BALEARS";3;21,8;17,2;26,4;0;10,7
2024-09-16;"B228";"PALMA, PUERTO";"ILLES BALEARS";3;23,6;18,2;29,1;0;10
2024-09-17;"B228";"PALMA, PUERTO";"ILLES BALEARS";3;23,2;19,7;26,8;1,7;5,5
2024-09-18;"B228";"PALMA, PUERTO";"ILLES BALEARS";3;22;18,9;25,2;0;1,6
2024-09-19;"B228";"PALMA, PUERTO";"ILLES BALEARS";3;22,8;18,1;27,5;0,1;9,4
2024-09-20;"B228";"PALMA, PUERTO";"ILLES BALEARS";3;23,4;20,2;26,6;0,1;8
2024-09-21;"B228";"PALMA, PUERTO";"ILLES BALEARS";3;23;20,2;25,9;1,9;2,5
2024-09-22;"B228";"PALMA, PUERTO";"ILLES BALEARS";3;23,6;19,9;27,2;0;9,7
2024-09-23;"B228";"PALMA, PUERTO";"ILLES BALEARS";3;22,6;19,4;25,7;8,7;6,7
2024-09-24;"B228";"PALMA, PUERTO";"ILLES BALEARS";3;23;19,1;27;0;3
2024-09-25;"B228";"PALMA, PUERTO";"ILLES BALEARS";3;23;18,5;27,6;0;9,5
2024-09-26;"B228";"PALMA, PUERTO";"ILLES BALEARS";3;24,6;21,7;27,5;0;9,6
2024-09-27;"B228";"PALMA, PUERTO";"ILLES BALEARS";3;25,4;21,3;29,5;0;8,5
2024-09-28;"B228";"PALMA, PUERTO";"ILLES BALEARS";3;21,7;18,6;24,8;1,1;5,8
2024-09-29;"B228";"PALMA, PUERTO";"ILLES BALEARS";3;21,1;17,3;24,9;0;9,7
2024-09-30;"B228";"PALMA, PUERTO";"ILLES BALEARS";3;22,2;18,4;25,9;0;10
2024-10-01;"B228";"PALMA, PUERTO";"ILLES BALEARS";3;21,9;18,2;25,6;0;9,9
2024-10-02;"B228";"PALMA, PUERTO";"ILLES BALEARS";3;24,1;20,3;27,9;0;8,2
2024-10-03;"B228";"PALMA, PUERTO";"ILLES BALEARS";3;22,2;18,9;25,6;0,1;6,9
2024-10-04;"B228";"PALMA, PUERTO";"ILLES BALEARS";3;20,9;17,1;24,7;0;9,8
2024-10-05;"B228";"PALMA, PUERTO";"ILLES BALEARS";3;20,2;15,9;24,5;0;6,9
2024-10-06;"B228";"PALMA, PUERTO";"ILLES BALEARS";3;25,2;21,2;29,1;0;9
2024-10-07;"B228";"PALMA, PUERTO";"ILLES BALEARS";3;24,8;21,2;28,4;0,5;4,3
2024-10-08;"B228";"PALMA, PUERTO";"ILLES BALEARS";3;23,8;20,9;26,6;0;8
2024-10-09;"B228";"PALMA, PUERTO";"ILLES BALEARS";3;22,6;19,9;25,4;0;5,6
2024-10-10;"B228";"PALMA, PUERTO";"ILLES BALEARS";3;22,2;17,6;26,7;0;8,6
2024-10-11;"B228";"PALMA, PUERTO";"ILLES BALEARS";3;20,8;16,6;24,9;0;7,8
2024-10-12;"B228";"PALMA, PUERTO";"ILLES BALEARS";3;21,7;18,2;25,2;0;7,6
2024-10-13;"B228";"PALMA, PUERTO";"ILLES BALEARS";3;24,3;19,7;28,9;0;8,8
2024-10-14;"B228";"PALMA, PUERTO";"ILLES BALEARS";3;26,5;21,9;31,1;0;6,9
2024-10-15;"B228";"PALMA, PUERTO";"ILLES BALEARS";3;23,8;21,8;25,9;0,2;1,1
2024-10-16;"B228";"PALMA, PUERTO";"ILLES BALEARS";3;24;21,4;26,5;0,1;8,3
2024-10-17;"B228";"PALMA, PUERTO";"ILLES BALEARS";3;22,6;19;26,1;6,6;8,2
2024-10-18;"B228";"PALMA, PUERTO";"ILLES BALEARS";3;20,6;17,9;23,2;0;7,9
2024-10-19;"B228";"PALMA, PUERTO";"ILLES BALEARS";3;19,5;15,5;23,5;0;8,2
2024-10-20;"B228";"PALMA, PUERTO";"ILLES BALEARS";3;20,9;16;25,8;0;7,8
2024-10-21;"B228";"PALMA, PUERTO";"ILLES BALEARS";3;22,2;17,7;26,7;0;6,9
2024-10-22;"B228";"PALMA, PUERTO";"ILLES BALEARS";3;21,4;17,8;24,9;15,6;4
2024-10-23;"B228";"PALMA, PUERTO";"ILLES BALEARS";3;21,9;17,8;26;0;7,7
2024-10-24;"B228";"PALMA, PUERTO";"ILLES BALEARS";3;21,2;17,2;25,2;0;7,7
2024-10-25;"B228";"PALMA, PUERTO";"ILLES BALEARS";3;20,4;16,7;24;0,3;6,1
2024-10-26;"B228";"PALMA, PUERTO";"ILLES BALEARS";3;18;14,6;21,5;35,8;3,8
2024-10-27;"B228";"PALMA, PUERTO";"ILLES BALEARS";3;18,1;14,3;21,9;44,4;2
2024-10-28;"B228";"PALMA, PUERTO";"ILLES BALEARS";3;20,6;16,3;25;0;7,1
2024-10-29;"B228";"PALMA, PUERTO";"ILLES BALEARS";3;23,1;21,3;24,9;0;1,9
2024-10-30;"B228";"PALMA, PUERTO";"ILLES BALEARS";3;24,8;21,9;27,6;0;6,5
2024-10-31;"B228";"PALMA, PUERTO";"ILLES BALEARS";3;23,8;21,5;26,2;0,1;6,8
2024-11-01;"B228";"PALMA, PUERTO";"ILLES BALEARS";3;20,6;16,9;24,4;49,5;2,3
2024-11-02;"B228";"PALMA, PUERTO";"ILLES BALEARS";3;20;15,9;24,1;0;7
2024-11-03;"B228";"PALMA, PUERTO";"ILLES BALEARS";3;22;18,2;25,9;2,1;5,6
2024-11-04;"B228";"PALMA, PUERTO";"ILLES BALEARS";3;23,2;20,1;26,4;0;5,9
2024-11-05;"B228";"PALMA, PUERTO";"ILLES BALEARS";3;21,6;18,3;25;0;7,4
2024-11-06;"B228";"PALMA, PUERTO";"ILLES BALEARS";3;22;18,1;25,8;0,1;4,5
2024-11-07;"B228";"PALMA, PUERTO";"ILLES BALEARS";3;21,2;17,1;25,4;0,2;5,7
2024-11-08;"B228";"PALMA, PUERTO";"ILLES BALEARS";3;19,6;16,2;23,1;0,1;6
2024-11-09;"B228";"PALMA, PUERTO";"ILLES BALEARS";3;19,2;15,5;22,9;4,3;4,7
2024-11-10;"B228";"PALMA, PUERTO";"ILLES BALEARS";3;18,6;16,4;20,7;22,3;2,4
2024-11-11;"B228";"PALMA, PUERTO";"ILLES BALEARS";3;18,2;14,7;21,7;0;5,9
2024-11-12;"B228";"PALMA, PUERTO";"ILLES BALEARS";3;14,4;11,5;17,2;29,4;0
2024-11-13;"B228";"PALMA, PUERTO";"ILLES BALEARS";3;17;11,9;22;0;4,9
2024-11-14;"B228";"PALMA, PUERTO";"ILLES BALEARS";3;17,8;15,1;20,6;0;1,7
2024-11-15;"B228";"PALMA, PUERTO";"ILLES BALEARS";3;17,3;13,5;21,1;0;7,8
2024-11-16;"B228";"PALMA, PUERTO";"ILLES BALEARS";3;18,6;15,5;21,6;0;6,6
2024-11-17;"B228";"PALMA, PUERTO";"ILLES BALEARS";3;18,4;14,4;22,5;0;7,6
2024-11-18;"B228";"PALMA, PUERTO";"ILLES BALEARS";3;18,1;13,3;22,9;0;6,9
2024-11-19;"B228";"PALMA, PUERTO";"ILLES BALEARS";3;18,4;14,4;22,5;0;7,8
2024-11-20;"B228";"PALMA, PUERTO";"ILLES BALEARS";3;19,2;15,2;23,1;0;7,3
2024-11-21;"B228";"PALMA, PUERTO";"ILLES BALEARS";3;19,3;16,6;22;0;7,6
2024-11-22;"B228";"PALMA, PUERTO";"ILLES BALEARS";3;15,8;12,5;19,1;0;5,7
2024-11-23;"B228";"PALMA, PUERTO";"ILLES BALEARS";3;17;13;21,1;0;7,2
2024-11-24;"B228";"PALMA, PUERTO";"ILLES BALEARS";3;19,4;15,6;23,1;0;7,7
2024-11-25;"B228";"PALMA, PUERTO";"ILLES BALEARS";3;18,7;16,2;21,2;0;0,5
2024-11-26;"B228";"PALMA, PUERTO";"ILLES BALEARS";3;19;15,6;22,5;0;7,3
2024-11-27;"B228";"PALMA, PUERTO";"ILLES BALEARS";3;17,6;14,6;20,6;0;3,5
2024-11-28;"B228";"PALMA, PUERTO";"ILLES BALEARS";3;16,6;12,2;21,1;0;8,1
2024-11-29;"B228";"PALMA, PUERTO";"ILLES BALEARS";3;16,9;12,6;21,2;0;8,1
2024-11-30;"B228";"PALMA, PUERTO";"ILLES BALEARS";3;16,8;13,1;20,4;0;8,2
2024-12-01;"B228";"PALMA, PUERTO";"ILLES BALEARS";3;16,8;12,8;20,9;0;4,1
2024-12-02;"B228";"PALMA, PUERTO";"ILLES BALEARS";3;16,4;12,2;20,6;0,5;2,9
2024-12-03;"B228";"PALMA, PUERTO";"ILLES BALEARS";3;17,6;14,1;21;1,4;6
2024-12-04;"B228";"PALMA, PUERTO";"ILLES BALEARS";3;13,5;10,8;16,2;2,6;4,3
2024-12-05;"B228";"PALMA, PUERTO";"ILLES BALEARS";3;14,6;10,7;18,6;0;8,5
2024-12-06;"B228";"PALMA, PUERTO";"ILLES BALEARS";3;16,2;10,4;21,9;0;2,8
2024-12-07;"B228";"PALMA, PUERTO";"ILLES BALEARS";3;17,5;12,9;22,1;0;6,6
2024-12-08;"B228";"PALMA, PUERTO";"ILLES BALEARS";3;12,8;10,9;14,6;2,3;6,7
2024-12-09;"B228";"PALMA, PUERTO";"ILLES BALEARS";3;12,7;8,9;16,5;0,3;6,6
2024-12-10;"B228";"PALMA, PUERTO";"ILLES BALEARS";3;11;7,8;14,2;0,2;3,8
2024-12-11;"B228";"PALMA, PUERTO";"ILLES BALEARS";3;11,8;7,7;16;9,1;3,9
2024-12-12;"B228";"PALMA, PUERTO";"ILLES BALEARS";3;13,6;10,7;16,5;3,3;3,5
2024-12-13;"B228";"PALMA, PUERTO";"ILLES BALEARS";3;13,4;8,7;18,2;0,1;8,3
2024-12-14;"B228";"PALMA, PUERTO";"ILLES BALEARS";3;13,4;9,2;17,6;0;7,8
2024-12-15;"B228";"PALMA, PUERTO";"ILLES BALEARS";3;14;10,1;18;0;5,7
2024-12-16;"B228";"PALMA, PUERTO";"ILLES BALEARS";3;13;8,5;17,4;0;7,1
2024-12-17;"B228";"PALMA, PUERTO";"ILLES BALEARS";3;12,3;8,8;15,8;0;0,3
2024-12-18;"B228";"PALMA, PUERTO";"ILLES BALEARS";3;14,6;10,5;18,8;0;8,8
2024-12-19;"B228";"PALMA, PUERTO";"ILLES BALEARS";3;16,6;12,4;20,8;0;0,6
2024-12-20;"B228";"PALMA, PUERTO";"ILLES BALEARS";3;13,3;10;16,6;0;7,9
2024-12-21;"B228";"PALMA, PUERTO";"ILLES BALEARS";3;12,6;8,8;16,5;0;7,3
2024-12-22;"B228";"PALMA, PUERTO";"ILLES BALEARS";3;15,4;11,4;19,4;3,4;7,8
2024-12-23;"B228";"PALMA, PUERTO";"ILLES BALEARS";3;13,8;10,6;17,1;0,1;7,9
2024-12-24;"B228";"PALMA, PUERTO";"ILLES BALEARS";3;13;8,7;17,2;0;7,3
2024-12-25;"B228";"PALMA, PUERTO";"ILLES BALEARS";3;12,9;8,5;17,3;0;8,2
2024-12-26;"B228";"PALMA, PUERTO";"ILLES BALEARS";3;12,4;6,4;18,5;0;8,6
2024-12-27;"B228";"PALMA, PUERTO";"ILLES BALEARS";3;11,9;8;15,8;0;1,3
2024-12-28;"B228";"PALMA, PUERTO";"ILLES BALEARS";3;12;7,2;16,7;0;8,1
2024-12-29;"B228";"PALMA, PUERTO";"ILLES BALEARS";3;11,8;7,3;16,4;0;6,9
2024-12-30;"B228";"PALMA, PUERTO";"ILLES BALEARS";3;13;8,4;17,6;0;7,5
2024-12-31;"B228";"PALMA, PUERTO";"ILLES BALEARS";3;13,9;10,2;17,6;0;6,7
